feature,is_intercept,median_local_coefficient,mean_local_coefficient,sd_local_coefficient,q025_local_coefficient,q975_local_coefficient,positive_share,negative_share,outer_test_evaluations,coefficient_unit
intercept,True,13.1129283905,13.1299743652,1.20716536045,10.5548171282,15.3975794315,1,0,33760,outcome percentage points
o_d1_composite_z,False,0.0108509156853,0.0170170627534,0.10305467248,-0.18499523811,0.177891085297,0.564158767773,0.435841232227,33760,outcome percentage points per fold-training SD
s_d1_augmented_mm_z,False,0.0522347688675,0.0600860863924,0.0667748376727,-0.0612598251551,0.169556014985,0.773874407583,0.226125592417,33760,outcome percentage points per fold-training SD
delta_d1_augmented_signed_s_minus_o,False,-0.010522258468,-0.00497627910227,0.077744320035,-0.151712255552,0.183374281973,0.38471563981,0.61528436019,33760,outcome percentage points per fold-training SD
o_d2_composite_z,False,-0.00362675753422,0.0150626720861,0.109795868397,-0.158782828972,0.242873284593,0.474911137441,0.525088862559,33760,outcome percentage points per fold-training SD
s_d2_augmented_mm_z,False,-0.0404998771846,-0.0427660942078,0.133436053991,-0.316572306305,0.18029910475,0.35355450237,0.64644549763,33760,outcome percentage points per fold-training SD
delta_d2_augmented_signed_s_minus_o,False,-0.0513290129602,-0.0556850582361,0.0936433598399,-0.212854041532,0.107418110594,0.316765402844,0.683234597156,33760,outcome percentage points per fold-training SD
o_d3_composite_z,False,0.0683315470815,0.0696872025728,0.0806507840753,-0.093238752149,0.217054158449,0.799526066351,0.200473933649,33760,outcome percentage points per fold-training SD
s_d3_augmented_mm_z,False,0.0458412319422,0.0635940432549,0.117507860065,-0.117669669911,0.298909844458,0.645764218009,0.354235781991,33760,outcome percentage points per fold-training SD
delta_d3_augmented_signed_s_minus_o,False,0.0166020616889,-0.0135178724304,0.107535965741,-0.2583844468,0.183416123688,0.514484597156,0.485515402844,33760,outcome percentage points per fold-training SD
o_d4_composite_z,False,0.221269667149,0.208698987961,0.0898618176579,-0.0202712944709,0.339260911942,0.951095971564,0.048904028436,33760,outcome percentage points per fold-training SD
s_d4_augmented_mm_z,False,0.125065952539,0.134555637836,0.0924776270986,-0.0964291183278,0.287952739745,0.94845971564,0.0515402843602,33760,outcome percentage points per fold-training SD
delta_d4_augmented_signed_s_minus_o,False,-0.104192189872,-0.0995341092348,0.0791637599468,-0.237780809402,0.0375300366431,0.138151658768,0.861848341232,33760,outcome percentage points per fold-training SD
o_d5_composite_z,False,0.0401518940926,0.0899509117007,0.131302773952,-0.10636507012,0.341262924671,0.700296208531,0.299703791469,33760,outcome percentage points per fold-training SD
s_d5_augmented_mm_z,False,-0.016079839319,-0.102915287018,0.148014932871,-0.431365592033,0.0558424711227,0.385337677725,0.614662322275,33760,outcome percentage points per fold-training SD
delta_d5_augmented_signed_s_minus_o,False,0.077104896307,0.0782626122236,0.111096650362,-0.112974376231,0.305593917519,0.671741706161,0.328258293839,33760,outcome percentage points per fold-training SD
o_d6_composite_z,False,0.0084688346833,0.00270720035769,0.0591294653714,-0.113746013492,0.0923164704815,0.575592417062,0.424407582938,33760,outcome percentage points per fold-training SD
s_d6_augmented_mm_z,False,-0.0615431033075,-0.0665950998664,0.0669698566198,-0.181129592285,0.0360455254093,0.227340047393,0.772659952607,33760,outcome percentage points per fold-training SD
delta_d6_augmented_signed_s_minus_o,False,-0.0344078764319,-0.0367442108691,0.0816522538662,-0.21509083733,0.118728095666,0.335545023697,0.664454976303,33760,outcome percentage points per fold-training SD
o_d7_composite_z,False,0.0317479372025,-0.0271102748811,0.289135932922,-0.485679737478,0.514819028974,0.507642180095,0.492357819905,33760,outcome percentage points per fold-training SD
s_d7_augmented_mm_z,False,0.082486897707,0.0917037278414,0.0808609127998,-0.0418030556291,0.223063738644,0.830361374408,0.169638625592,33760,outcome percentage points per fold-training SD
delta_d7_augmented_signed_s_minus_o,False,-0.0103231761605,-0.00869579706341,0.098778270185,-0.201806119084,0.207479143143,0.442357819905,0.557642180095,33760,outcome percentage points per fold-training SD
o_d8_composite_z,False,0.00460965186357,0.00544276600704,0.285757392645,-0.787993894517,0.384326153249,0.555953791469,0.444046208531,33760,outcome percentage points per fold-training SD
s_d8_augmented_mm_z,False,0.0138293784112,0.00854028295726,0.0955261364579,-0.207821195945,0.170404703915,0.584745260664,0.415254739336,33760,outcome percentage points per fold-training SD
delta_d8_augmented_signed_s_minus_o,False,0.0367023795843,0.0153296263888,0.117075353861,-0.153898931295,0.279134871811,0.640017772512,0.359982227488,33760,outcome percentage points per fold-training SD
o_d9_composite_z,False,-0.0299348719418,-0.0317316800356,0.0813219323754,-0.165165890008,0.119365044124,0.352073459716,0.647926540284,33760,outcome percentage points per fold-training SD
s_d9_augmented_mm_z,False,0.0385479480028,0.0414003059268,0.133285626769,-0.151654075831,0.362119468302,0.58279028436,0.41720971564,33760,outcome percentage points per fold-training SD
delta_d9_augmented_signed_s_minus_o,False,0.00972971692681,0.00900094583631,0.12881103158,-0.236566833779,0.182739797235,0.564928909953,0.435071090047,33760,outcome percentage points per fold-training SD
o_d10_composite_z,False,0.0637152194977,0.0363237299025,0.157500341535,-0.29489960745,0.22887455523,0.695912322275,0.304087677725,33760,outcome percentage points per fold-training SD
s_d10_augmented_mm_z,False,-0.0250036232173,-0.0286483168602,0.100233748555,-0.195489632338,0.147795687243,0.44297985782,0.55702014218,33760,outcome percentage points per fold-training SD
delta_d10_augmented_signed_s_minus_o,False,-0.0138621795923,-0.0116998841986,0.0531688705087,-0.113764951751,0.128401518986,0.3663507109,0.6336492891,33760,outcome percentage points per fold-training SD
ses__age_65plus_pct,False,-0.307268470526,-0.320954740047,0.187817454338,-0.741910193861,-0.0589118991047,0,1,33760,outcome percentage points per fold-training SD
ses__age_under18_pct,False,0.252717226744,0.244173198938,0.178329005837,-0.0860771225765,0.534837734699,0.812440758294,0.187559241706,33760,outcome percentage points per fold-training SD
ses__bachelors_or_higher_pct_25plus,False,-0.842422842979,-0.833232939243,0.111048735678,-1.02493228316,-0.427046912163,0,1,33760,outcome percentage points per fold-training SD
ses__black_alone_pct,False,0.288840889931,0.38741093874,0.295858740807,-0.108276795037,0.907879519463,0.949289099526,0.0507109004739,33760,outcome percentage points per fold-training SD
ses__commute_transit_pct,False,-0.0117914192379,0.00206740084104,0.157183930278,-0.232946775481,0.329918735474,0.499763033175,0.500236966825,33760,outcome percentage points per fold-training SD
ses__commute_walk_pct,False,0.0575076490641,0.0829346105456,0.114076480269,-0.129763448983,0.414169765264,0.802991706161,0.197008293839,33760,outcome percentage points per fold-training SD
ses__gross_rent_30plus_pct,False,-0.0373731181026,-0.0354425832629,0.0815267637372,-0.158239021897,0.165644024685,0.244372037915,0.755627962085,33760,outcome percentage points per fold-training SD
ses__hispanic_latino_pct,False,0.144570350647,0.178186923265,0.206672653556,-0.163965427503,0.673386466503,0.730124407583,0.269875592417,33760,outcome percentage points per fold-training SD
ses__log_income_nominal,False,-0.223171114922,-0.201396718621,0.260832309723,-0.610947456956,0.380163279176,0.150118483412,0.849881516588,33760,outcome percentage points per fold-training SD
ses__male_pct,False,0.00172806996852,0.0133672775701,0.0713189989328,-0.123988782987,0.159916282818,0.527458530806,0.472541469194,33760,outcome percentage points per fold-training SD
ses__population_log1p,False,-0.0393589250743,-0.0412953831255,0.0999703854322,-0.282846999913,0.134310719371,0.328347156398,0.671652843602,33760,outcome percentage points per fold-training SD
ses__poverty_pct,False,0.941992044449,0.880008280277,0.216468408704,0.531974636018,1.29713343978,1,0,33760,outcome percentage points per fold-training SD
ses__unemployment_pct,False,-0.0605199486017,-0.0454499199986,0.172222688794,-0.282791953534,0.425303860009,0.359893364929,0.640106635071,33760,outcome percentage points per fold-training SD
