condition,stage,metric,n_folds,q05,q25,median,q75,q95
gsv_only,Train,model_train_rmse,32,1.4012926518917084,1.574440360069275,1.9174363017082214,2.636959195137024,3.161894679069519
gsv_only,Validation,model_validation_rmse,32,1.8247960567474366,2.141168534755707,2.6259093284606934,3.1430238485336304,3.5889364600181577
gsv_only,Outer test,model_outer_test_rmse,32,1.9000498533248902,2.1801117658615112,2.655204176902771,3.3542662262916565,4.036308813095093
gsv_only,Ridge,ridge_train_rmse,32,1.4433803796768188,1.6042548418045044,1.942505955696106,2.721292734146118,3.260187876224518
google_only,Train,model_train_rmse,32,1.3918732047080993,1.5617100596427917,1.8718683123588562,2.6292821168899536,3.1419843673706054
google_only,Validation,model_validation_rmse,32,1.8203327476978302,2.143706500530243,2.550008177757263,3.1001786589622498,3.5800716519355773
google_only,Outer test,model_outer_test_rmse,32,1.8753436207771301,2.174044668674469,2.662062168121338,3.346432149410248,3.9647398829460143
google_only,Ridge,ridge_train_rmse,32,1.4433803796768188,1.6042548418045044,1.942505955696106,2.721292734146118,3.260187876224518
flickr_only,Train,model_train_rmse,32,1.4079538404941558,1.5719715356826782,1.8763920664787292,2.7009076476097107,3.1509466409683227
flickr_only,Validation,model_validation_rmse,32,1.8859330475330354,2.151578962802887,2.5775933265686035,3.1110705137252808,3.645763373374939
flickr_only,Outer test,model_outer_test_rmse,32,1.8739033401012422,2.196766197681427,2.6877517700195312,3.3747518658638,3.9346529483795165
flickr_only,Ridge,ridge_train_rmse,32,1.4433803796768188,1.6042548418045044,1.942505955696106,2.721292734146118,3.260187876224518
image_only,Train,model_train_rmse,32,1.3871233940124512,1.5646499991416931,1.8700506687164307,2.6489896178245544,3.124600577354431
image_only,Validation,model_validation_rmse,32,1.870249742269516,2.1440054178237915,2.5728107690811157,3.090251863002777,3.6273313403129577
image_only,Outer test,model_outer_test_rmse,32,1.8669922351837158,2.1849870681762695,2.6766514778137207,3.352763533592224,3.917722499370575
image_only,Ridge,ridge_train_rmse,32,1.4433803796768188,1.6042548418045044,1.942505955696106,2.721292734146118,3.260187876224518
text_only,Train,model_train_rmse,32,1.4052342116832732,1.5680413246154785,1.874765157699585,2.688655376434326,3.1510989665985107
text_only,Validation,model_validation_rmse,32,1.8843372583389282,2.151503026485443,2.571919322013855,3.105206072330475,3.6375095009803773
text_only,Outer test,model_outer_test_rmse,32,1.8741606295108795,2.195436120033264,2.687526822090149,3.3684374690055847,3.9248785734176637
text_only,Ridge,ridge_train_rmse,32,1.4433803796768188,1.6042548418045044,1.942505955696106,2.721292734146118,3.260187876224518
