component_id,dimension_id,channel,value_column,mask_column,source_file,source_field,source_filter,polarity,scientific_scope,formal_score_eligible,missing_rule
d1_obj_natural_green_fraction,D1,objective,d1_obj_natural_green_fraction,d1_obj_natural_green_fraction_available,MM-GTGNNWR/outputs/processed/tract_year_mvp.csv,env__nlcd_natural_green_frac,none,higher_more_supportive,objective_environment_component,0,NA_WITH_EXPLICIT_MASK_NO_INTERPOLATION
d1_obj_tree_canopy_mean_pct,D1,objective,d1_obj_tree_canopy_mean_pct,d1_obj_tree_canopy_mean_pct_available,MM-GTGNNWR/outputs/processed/tract_year_mvp.csv,env__nlcd_tree_canopy_mean_pct,none,higher_more_supportive,objective_environment_component,0,NA_WITH_EXPLICIT_MASK_NO_INTERPOLATION
d1_obj_water_fraction,D1,objective,d1_obj_water_fraction,d1_obj_water_fraction_available,MM-GTGNNWR/outputs/processed/tract_year_mvp.csv,env__nlcd_water_frac,none,higher_more_supportive,objective_environment_component,0,NA_WITH_EXPLICIT_MASK_NO_INTERPOLATION
d1_img_flickr_siglip2_similarity,D1,platform_image_flickr,d1_img_flickr_siglip2_similarity,d1_img_flickr_siglip2_similarity_available,workstreams/RQ1_measurement/SIGLIP2_PLATFORM_TRACT_YEAR_ENGINEERING_V1.csv,siglip2_d1_pair_similarity_candidate,platform==flickr,prompt_pair_similarity_not_calibrated_probability,platform_scene_semantic_candidate_not_resident_perception,0,NA_WITH_EXPLICIT_MASK_NO_INTERPOLATION
d1_img_google_siglip2_similarity,D1,platform_image_google,d1_img_google_siglip2_similarity,d1_img_google_siglip2_similarity_available,workstreams/RQ1_measurement/SIGLIP2_PLATFORM_TRACT_YEAR_ENGINEERING_V1.csv,siglip2_d1_pair_similarity_candidate,platform==google_review_linked,prompt_pair_similarity_not_calibrated_probability,platform_scene_semantic_candidate_not_resident_perception,0,NA_WITH_EXPLICIT_MASK_NO_INTERPOLATION
d1_img_google_visible_green_share,D1,platform_image_google,d1_img_google_visible_green_share,d1_img_google_visible_green_share_available,workstreams/RQ1_measurement/GOOGLE_MULTIMODAL_ALIGNMENT_TRACT_YEAR_ASPECT_V1.csv,visible_green_share_place_weighted,dimension_id==D1; grouped duplicate aspect rows,visible_share,google_visible_scene_component_not_resident_perception,0,NA_WITH_EXPLICIT_MASK_NO_INTERPOLATION
d1_text_google_mention_rate,D1,platform_text_google,d1_text_google_mention_rate,d1_text_google_mention_rate_available,workstreams/RQ1_measurement/GOOGLE_TEXT_ABSA_TRACT_YEAR_V1.csv,google_absa_mention_rate_place_weighted,aspect_id==d1_green_blue_experience,higher_more_frequent_expression,platform_expressed_experience_not_resident_self_report,0,NA_WITH_EXPLICIT_MASK_NO_INTERPOLATION
d1_text_google_valence,D1,platform_text_google,d1_text_google_valence,d1_text_google_valence_available,workstreams/RQ1_measurement/GOOGLE_TEXT_ABSA_TRACT_YEAR_V1.csv,google_absa_valence_mean_place_weighted,aspect_id==d1_green_blue_experience,higher_more_positive_expression,platform_expressed_experience_not_resident_self_report,0,NA_WITH_EXPLICIT_MASK_NO_INTERPOLATION
d10_obj_directional_vmt_per_day,D10,objective,d10_obj_directional_vmt_per_day,d10_obj_directional_vmt_per_day_available,workstreams/RQ1_measurement/D10_SEGMENT_ADT_VMT_TRACT_YEAR_V4.csv,d10_directional_vmt_per_day_eligible,engineering_eligible==1,higher_more_traffic,segment_adt_vmt_component,0,NA_WITH_EXPLICIT_MASK_NO_INTERPOLATION
d10_obj_segment_inverse_speed,D10,objective,d10_obj_segment_inverse_speed,d10_obj_segment_inverse_speed_available,workstreams/RQ1_measurement/D10_SEGMENT_SPEED_TRACT_YEAR_V4.csv,d10_segment_inverse_speed_eligible,engineering_eligible==1,higher_more_congestion,segment_speed_component,0,NA_WITH_EXPLICIT_MASK_NO_INTERPOLATION
d10_obj_region_inverse_speed,D10,objective_proxy,d10_obj_region_inverse_speed,d10_obj_region_inverse_speed_available,workstreams/RQ1_measurement/D10_REGION_CONGESTION_TRACT_YEAR_COMPONENTS_V2.csv,d10_region_inverse_speed,engineering_eligible==1,higher_more_congestion,coarse_region_bus_gps_proxy,0,NA_WITH_EXPLICIT_MASK_NO_INTERPOLATION
d10_text_google_mention_rate,D10,platform_text_google,d10_text_google_mention_rate,d10_text_google_mention_rate_available,workstreams/RQ1_measurement/GOOGLE_TEXT_ABSA_D7_D10_SPLIT_TRACT_YEAR_V3.csv,google_absa_mention_rate_place_weighted,aspect_id==d10_traffic_experience,higher_more_frequent_expression,platform_expressed_experience_not_resident_self_report,0,NA_WITH_EXPLICIT_MASK_NO_INTERPOLATION
d10_text_google_valence,D10,platform_text_google,d10_text_google_valence,d10_text_google_valence_available,workstreams/RQ1_measurement/GOOGLE_TEXT_ABSA_D7_D10_SPLIT_TRACT_YEAR_V3.csv,google_absa_valence_mean_place_weighted,aspect_id==d10_traffic_experience,higher_more_positive_expression,platform_expressed_experience_not_resident_self_report,0,NA_WITH_EXPLICIT_MASK_NO_INTERPOLATION
d2_obj_housing_density_per_km2,D2,objective,d2_obj_housing_density_per_km2,d2_obj_housing_density_per_km2_available,workstreams/RQ1_measurement/D2_D7_OBJECTIVE_COMPONENTS_TRACT_YEAR_V1.csv,d2_housing_density_per_km2,d2_component_available==1,higher_more_dense,objective_density_openness_component,0,NA_WITH_EXPLICIT_MASK_NO_INTERPOLATION
d2_obj_impervious_mean_pct,D2,objective,d2_obj_impervious_mean_pct,d2_obj_impervious_mean_pct_available,workstreams/RQ1_measurement/D2_D7_OBJECTIVE_COMPONENTS_TRACT_YEAR_V1.csv,env__nlcd_impervious_mean_pct,d2_component_available==1,higher_more_impervious,objective_density_openness_component,0,NA_WITH_EXPLICIT_MASK_NO_INTERPOLATION
d2_obj_population_density_per_km2,D2,objective,d2_obj_population_density_per_km2,d2_obj_population_density_per_km2_available,workstreams/RQ1_measurement/D2_D7_OBJECTIVE_COMPONENTS_TRACT_YEAR_V1.csv,d2_population_density_per_km2,d2_component_available==1,higher_more_dense,objective_density_openness_component,0,NA_WITH_EXPLICIT_MASK_NO_INTERPOLATION
d2_img_flickr_siglip2_similarity,D2,platform_image_flickr,d2_img_flickr_siglip2_similarity,d2_img_flickr_siglip2_similarity_available,workstreams/RQ1_measurement/SIGLIP2_PLATFORM_TRACT_YEAR_ENGINEERING_V1.csv,siglip2_d2_pair_similarity_candidate,platform==flickr,prompt_pair_similarity_not_calibrated_probability,platform_scene_semantic_candidate_not_resident_perception,0,NA_WITH_EXPLICIT_MASK_NO_INTERPOLATION
d2_img_google_siglip2_similarity,D2,platform_image_google,d2_img_google_siglip2_similarity,d2_img_google_siglip2_similarity_available,workstreams/RQ1_measurement/SIGLIP2_PLATFORM_TRACT_YEAR_ENGINEERING_V1.csv,siglip2_d2_pair_similarity_candidate,platform==google_review_linked,prompt_pair_similarity_not_calibrated_probability,platform_scene_semantic_candidate_not_resident_perception,0,NA_WITH_EXPLICIT_MASK_NO_INTERPOLATION
d2_img_google_visible_building_share,D2,platform_image_google,d2_img_google_visible_building_share,d2_img_google_visible_building_share_available,workstreams/RQ1_measurement/GOOGLE_MULTIMODAL_ALIGNMENT_TRACT_YEAR_ASPECT_V1.csv,visible_building_share_place_weighted,dimension_id==D2; grouped duplicate aspect rows,visible_share,google_visible_scene_component_not_resident_perception,0,NA_WITH_EXPLICIT_MASK_NO_INTERPOLATION
d2_img_google_visible_sky_share,D2,platform_image_google,d2_img_google_visible_sky_share,d2_img_google_visible_sky_share_available,workstreams/RQ1_measurement/GOOGLE_MULTIMODAL_ALIGNMENT_TRACT_YEAR_ASPECT_V1.csv,visible_sky_share_place_weighted,dimension_id==D2; grouped duplicate aspect rows,visible_share,google_visible_scene_component_not_resident_perception,0,NA_WITH_EXPLICIT_MASK_NO_INTERPOLATION
d2_text_google_mention_rate,D2,platform_text_google,d2_text_google_mention_rate,d2_text_google_mention_rate_available,workstreams/RQ1_measurement/GOOGLE_TEXT_ABSA_MISSING_D2_D6_D7_TRACT_YEAR_V2.csv,google_absa_mention_rate_place_weighted,aspect_id==d2_openness_crowding_experience,higher_more_frequent_expression,platform_expressed_experience_not_resident_self_report,0,NA_WITH_EXPLICIT_MASK_NO_INTERPOLATION
d2_text_google_valence,D2,platform_text_google,d2_text_google_valence,d2_text_google_valence_available,workstreams/RQ1_measurement/GOOGLE_TEXT_ABSA_MISSING_D2_D6_D7_TRACT_YEAR_V2.csv,google_absa_valence_mean_place_weighted,aspect_id==d2_openness_crowding_experience,higher_more_positive_expression,platform_expressed_experience_not_resident_self_report,0,NA_WITH_EXPLICIT_MASK_NO_INTERPOLATION
d3_obj_intersection_density_per_km2,D3,objective,d3_obj_intersection_density_per_km2,d3_obj_intersection_density_per_km2_available,workstreams/RQ1_measurement/OSM_D3_OBJECTIVE_TRACT_YEAR_V1.csv,full_intersection_density_per_km2,spatial_support==native_health_geography,higher_more_connected,osm_walkability_component,0,NA_WITH_EXPLICIT_MASK_NO_INTERPOLATION
d3_obj_largest_component_node_share,D3,objective,d3_obj_largest_component_node_share,d3_obj_largest_component_node_share_available,workstreams/RQ1_measurement/OSM_D3_OBJECTIVE_TRACT_YEAR_V1.csv,full_largest_component_node_share,spatial_support==native_health_geography,higher_more_connected,osm_walkability_component,0,NA_WITH_EXPLICIT_MASK_NO_INTERPOLATION
d3_obj_walkable_edge_density_km_per_km2,D3,objective,d3_obj_walkable_edge_density_km_per_km2,d3_obj_walkable_edge_density_km_per_km2_available,workstreams/RQ1_measurement/OSM_D3_OBJECTIVE_TRACT_YEAR_V1.csv,full_walkable_edge_density_km_per_km2,spatial_support==native_health_geography,higher_more_connected,osm_walkability_component,0,NA_WITH_EXPLICIT_MASK_NO_INTERPOLATION
d3_img_flickr_siglip2_similarity,D3,platform_image_flickr,d3_img_flickr_siglip2_similarity,d3_img_flickr_siglip2_similarity_available,workstreams/RQ1_measurement/SIGLIP2_PLATFORM_TRACT_YEAR_ENGINEERING_V1.csv,siglip2_d3_pair_similarity_candidate,platform==flickr,prompt_pair_similarity_not_calibrated_probability,platform_scene_semantic_candidate_not_resident_perception,0,NA_WITH_EXPLICIT_MASK_NO_INTERPOLATION
d3_img_google_siglip2_similarity,D3,platform_image_google,d3_img_google_siglip2_similarity,d3_img_google_siglip2_similarity_available,workstreams/RQ1_measurement/SIGLIP2_PLATFORM_TRACT_YEAR_ENGINEERING_V1.csv,siglip2_d3_pair_similarity_candidate,platform==google_review_linked,prompt_pair_similarity_not_calibrated_probability,platform_scene_semantic_candidate_not_resident_perception,0,NA_WITH_EXPLICIT_MASK_NO_INTERPOLATION
d3_img_google_visible_walk_surface_share,D3,platform_image_google,d3_img_google_visible_walk_surface_share,d3_img_google_visible_walk_surface_share_available,workstreams/RQ1_measurement/GOOGLE_MULTIMODAL_ALIGNMENT_TRACT_YEAR_ASPECT_V1.csv,visible_walk_surface_share_place_weighted,dimension_id==D3; grouped duplicate aspect rows,visible_share,google_visible_scene_component_not_resident_perception,0,NA_WITH_EXPLICIT_MASK_NO_INTERPOLATION
d3_text_google_mention_rate,D3,platform_text_google,d3_text_google_mention_rate,d3_text_google_mention_rate_available,workstreams/RQ1_measurement/GOOGLE_TEXT_ABSA_TRACT_YEAR_V1.csv,google_absa_mention_rate_place_weighted,aspect_id==d3_accessibility_walkability,higher_more_frequent_expression,platform_expressed_experience_not_resident_self_report,0,NA_WITH_EXPLICIT_MASK_NO_INTERPOLATION
d3_text_google_valence,D3,platform_text_google,d3_text_google_valence,d3_text_google_valence_available,workstreams/RQ1_measurement/GOOGLE_TEXT_ABSA_TRACT_YEAR_V1.csv,google_absa_valence_mean_place_weighted,aspect_id==d3_accessibility_walkability,higher_more_positive_expression,platform_expressed_experience_not_resident_self_report,0,NA_WITH_EXPLICIT_MASK_NO_INTERPOLATION
d4_admin_all_reported_records_per_km2,D4,administrative,d4_admin_all_reported_records_per_km2,d4_admin_all_reported_records_per_km2_available,workstreams/RQ1_measurement/runs/provisional_d4_v2_reported_crime_native_tract/d4_reported_crime_native_tract_year_group_v2.csv,reported_records_per_km2,reported_crime_group==all_reported_records,higher_more_reported_disorder,reported_administrative_records_not_true_crime,0,NA_WITH_EXPLICIT_MASK_NO_INTERPOLATION
d4_admin_interpersonal_reported_records_per_km2,D4,administrative,d4_admin_interpersonal_reported_records_per_km2,d4_admin_interpersonal_reported_records_per_km2_available,workstreams/RQ1_measurement/runs/provisional_d4_v2_reported_crime_native_tract/d4_reported_crime_native_tract_year_group_v2.csv,reported_records_per_km2,reported_crime_group==interpersonal_violence_non_homicide,higher_more_reported_disorder,reported_administrative_records_not_true_crime,0,NA_WITH_EXPLICIT_MASK_NO_INTERPOLATION
d4_img_flickr_siglip2_similarity,D4,platform_image_flickr,d4_img_flickr_siglip2_similarity,d4_img_flickr_siglip2_similarity_available,workstreams/RQ1_measurement/SIGLIP2_PLATFORM_TRACT_YEAR_ENGINEERING_V1.csv,siglip2_d4_pair_similarity_candidate,platform==flickr,prompt_pair_similarity_not_calibrated_probability,platform_scene_semantic_candidate_not_resident_perception,0,NA_WITH_EXPLICIT_MASK_NO_INTERPOLATION
d4_img_google_siglip2_similarity,D4,platform_image_google,d4_img_google_siglip2_similarity,d4_img_google_siglip2_similarity_available,workstreams/RQ1_measurement/SIGLIP2_PLATFORM_TRACT_YEAR_ENGINEERING_V1.csv,siglip2_d4_pair_similarity_candidate,platform==google_review_linked,prompt_pair_similarity_not_calibrated_probability,platform_scene_semantic_candidate_not_resident_perception,0,NA_WITH_EXPLICIT_MASK_NO_INTERPOLATION
d4_img_google_visible_barrier_share,D4,platform_image_google,d4_img_google_visible_barrier_share,d4_img_google_visible_barrier_share_available,workstreams/RQ1_measurement/GOOGLE_MULTIMODAL_ALIGNMENT_TRACT_YEAR_ASPECT_V1.csv,visible_barrier_share_place_weighted,dimension_id==D4; grouped duplicate aspect rows,visible_share,google_visible_scene_component_not_resident_perception,0,NA_WITH_EXPLICIT_MASK_NO_INTERPOLATION
d4_img_google_visible_lighting_share,D4,platform_image_google,d4_img_google_visible_lighting_share,d4_img_google_visible_lighting_share_available,workstreams/RQ1_measurement/GOOGLE_MULTIMODAL_ALIGNMENT_TRACT_YEAR_ASPECT_V1.csv,visible_lighting_share_place_weighted,dimension_id==D4; grouped duplicate aspect rows,visible_share,google_visible_scene_component_not_resident_perception,0,NA_WITH_EXPLICIT_MASK_NO_INTERPOLATION
d4_text_google_mention_rate,D4,platform_text_google,d4_text_google_mention_rate,d4_text_google_mention_rate_available,workstreams/RQ1_measurement/GOOGLE_TEXT_ABSA_TRACT_YEAR_V1.csv,google_absa_mention_rate_place_weighted,aspect_id==d4_safety_disorder,higher_more_frequent_expression,platform_expressed_experience_not_resident_self_report,0,NA_WITH_EXPLICIT_MASK_NO_INTERPOLATION
d4_text_google_valence,D4,platform_text_google,d4_text_google_valence,d4_text_google_valence_available,workstreams/RQ1_measurement/GOOGLE_TEXT_ABSA_TRACT_YEAR_V1.csv,google_absa_valence_mean_place_weighted,aspect_id==d4_safety_disorder,higher_more_positive_expression,platform_expressed_experience_not_resident_self_report,0,NA_WITH_EXPLICIT_MASK_NO_INTERPOLATION
d5_admin_311_litter_event_density_per_km2,D5,administrative,d5_admin_311_litter_event_density_per_km2,d5_admin_311_litter_event_density_per_km2_available,workstreams/RQ1_measurement/D5_311_TRACT_YEAR_COMPONENTS_V2.csv,event_density_per_km2,component_id==D5A,higher_more_reported_events,311_reporting_and_closure_component,0,NA_WITH_EXPLICIT_MASK_NO_INTERPOLATION
d5_admin_median_close_days,D5,administrative,d5_admin_median_close_days,d5_admin_median_close_days_available,workstreams/RQ1_measurement/D5_311_TRACT_YEAR_COMPONENTS_V2.csv,median_close_days_closed,component_id==D5C,higher_slower_closure,311_reporting_and_closure_component,0,NA_WITH_EXPLICIT_MASK_NO_INTERPOLATION
d5_img_flickr_siglip2_similarity,D5,platform_image_flickr,d5_img_flickr_siglip2_similarity,d5_img_flickr_siglip2_similarity_available,workstreams/RQ1_measurement/SIGLIP2_PLATFORM_TRACT_YEAR_ENGINEERING_V1.csv,siglip2_d5_pair_similarity_candidate,platform==flickr,prompt_pair_similarity_not_calibrated_probability,platform_scene_semantic_candidate_not_resident_perception,0,NA_WITH_EXPLICIT_MASK_NO_INTERPOLATION
d5_img_google_siglip2_similarity,D5,platform_image_google,d5_img_google_siglip2_similarity,d5_img_google_siglip2_similarity_available,workstreams/RQ1_measurement/SIGLIP2_PLATFORM_TRACT_YEAR_ENGINEERING_V1.csv,siglip2_d5_pair_similarity_candidate,platform==google_review_linked,prompt_pair_similarity_not_calibrated_probability,platform_scene_semantic_candidate_not_resident_perception,0,NA_WITH_EXPLICIT_MASK_NO_INTERPOLATION
d5_text_google_mention_rate,D5,platform_text_google,d5_text_google_mention_rate,d5_text_google_mention_rate_available,workstreams/RQ1_measurement/GOOGLE_TEXT_ABSA_TRACT_YEAR_V1.csv,google_absa_mention_rate_place_weighted,aspect_id==d5_cleanliness_maintenance,higher_more_frequent_expression,platform_expressed_experience_not_resident_self_report,0,NA_WITH_EXPLICIT_MASK_NO_INTERPOLATION
d5_text_google_valence,D5,platform_text_google,d5_text_google_valence,d5_text_google_valence_available,workstreams/RQ1_measurement/GOOGLE_TEXT_ABSA_TRACT_YEAR_V1.csv,google_absa_valence_mean_place_weighted,aspect_id==d5_cleanliness_maintenance,higher_more_positive_expression,platform_expressed_experience_not_resident_self_report,0,NA_WITH_EXPLICIT_MASK_NO_INTERPOLATION
d6_obj_opportunity_density_per_km2,D6,objective,d6_obj_opportunity_density_per_km2,d6_obj_opportunity_density_per_km2_available,workstreams/RQ1_measurement/OSM_D6_OPPORTUNITY_TRACT_YEAR_V1.csv,eligible_osm_object_density_per_km2,spatial_support==native_health_geography,higher_more_opportunity,osm_opportunity_component,0,NA_WITH_EXPLICIT_MASK_NO_INTERPOLATION
d6_obj_opportunity_group_shannon,D6,objective,d6_obj_opportunity_group_shannon,d6_obj_opportunity_group_shannon_available,workstreams/RQ1_measurement/OSM_D6_OPPORTUNITY_TRACT_YEAR_V1.csv,opportunity_group_shannon,spatial_support==native_health_geography,higher_more_opportunity,osm_opportunity_component,0,NA_WITH_EXPLICIT_MASK_NO_INTERPOLATION
d6_img_flickr_siglip2_similarity,D6,platform_image_flickr,d6_img_flickr_siglip2_similarity,d6_img_flickr_siglip2_similarity_available,workstreams/RQ1_measurement/SIGLIP2_PLATFORM_TRACT_YEAR_ENGINEERING_V1.csv,siglip2_d6_pair_similarity_candidate,platform==flickr,prompt_pair_similarity_not_calibrated_probability,platform_scene_semantic_candidate_not_resident_perception,0,NA_WITH_EXPLICIT_MASK_NO_INTERPOLATION
d6_img_google_siglip2_similarity,D6,platform_image_google,d6_img_google_siglip2_similarity,d6_img_google_siglip2_similarity_available,workstreams/RQ1_measurement/SIGLIP2_PLATFORM_TRACT_YEAR_ENGINEERING_V1.csv,siglip2_d6_pair_similarity_candidate,platform==google_review_linked,prompt_pair_similarity_not_calibrated_probability,platform_scene_semantic_candidate_not_resident_perception,0,NA_WITH_EXPLICIT_MASK_NO_INTERPOLATION
d6_img_google_visible_person_share,D6,platform_image_google,d6_img_google_visible_person_share,d6_img_google_visible_person_share_available,workstreams/RQ1_measurement/GOOGLE_MULTIMODAL_ALIGNMENT_TRACT_YEAR_ASPECT_V1.csv,visible_person_share_place_weighted,dimension_id==D6; grouped duplicate aspect rows,visible_share,google_visible_scene_component_not_resident_perception,0,NA_WITH_EXPLICIT_MASK_NO_INTERPOLATION
d6_text_google_mention_rate,D6,platform_text_google,d6_text_google_mention_rate,d6_text_google_mention_rate_available,workstreams/RQ1_measurement/GOOGLE_TEXT_ABSA_MISSING_D2_D6_D7_TRACT_YEAR_V2.csv,google_absa_mention_rate_place_weighted,aspect_id==d6_social_vitality_atmosphere,higher_more_frequent_expression,platform_expressed_experience_not_resident_self_report,0,NA_WITH_EXPLICIT_MASK_NO_INTERPOLATION
d6_text_google_valence,D6,platform_text_google,d6_text_google_valence,d6_text_google_valence_available,workstreams/RQ1_measurement/GOOGLE_TEXT_ABSA_MISSING_D2_D6_D7_TRACT_YEAR_V2.csv,google_absa_valence_mean_place_weighted,aspect_id==d6_social_vitality_atmosphere,higher_more_positive_expression,platform_expressed_experience_not_resident_self_report,0,NA_WITH_EXPLICIT_MASK_NO_INTERPOLATION
d7_obj_lst_summer_mean_c,D7,objective,d7_obj_lst_summer_mean_c,d7_obj_lst_summer_mean_c_available,workstreams/RQ1_measurement/D7_LANDSAT_LST_TRACT_YEAR_COMPONENTS_V2.csv,d7_lst_summer_mean_c,engineering_eligible==1,higher_more_heat,landsat_surface_temperature_component,0,NA_WITH_EXPLICIT_MASK_NO_INTERPOLATION
d7_obj_lst_summer_p90_c,D7,objective,d7_obj_lst_summer_p90_c,d7_obj_lst_summer_p90_c_available,workstreams/RQ1_measurement/D7_LANDSAT_LST_TRACT_YEAR_COMPONENTS_V2.csv,d7_lst_summer_p90_c,engineering_eligible==1,higher_more_heat,landsat_surface_temperature_component,0,NA_WITH_EXPLICIT_MASK_NO_INTERPOLATION
d7_img_flickr_siglip2_similarity,D7,platform_image_flickr,d7_img_flickr_siglip2_similarity,d7_img_flickr_siglip2_similarity_available,workstreams/RQ1_measurement/SIGLIP2_PLATFORM_TRACT_YEAR_ENGINEERING_V1.csv,siglip2_d7_pair_similarity_candidate,platform==flickr,prompt_pair_similarity_not_calibrated_probability,platform_scene_semantic_candidate_not_resident_perception,0,NA_WITH_EXPLICIT_MASK_NO_INTERPOLATION
d7_img_google_siglip2_similarity,D7,platform_image_google,d7_img_google_siglip2_similarity,d7_img_google_siglip2_similarity_available,workstreams/RQ1_measurement/SIGLIP2_PLATFORM_TRACT_YEAR_ENGINEERING_V1.csv,siglip2_d7_pair_similarity_candidate,platform==google_review_linked,prompt_pair_similarity_not_calibrated_probability,platform_scene_semantic_candidate_not_resident_perception,0,NA_WITH_EXPLICIT_MASK_NO_INTERPOLATION
d7_text_google_mention_rate,D7,platform_text_google,d7_text_google_mention_rate,d7_text_google_mention_rate_available,workstreams/RQ1_measurement/GOOGLE_TEXT_ABSA_D7_D10_SPLIT_TRACT_YEAR_V3.csv,google_absa_mention_rate_place_weighted,aspect_id==d7_heat_experience,higher_more_frequent_expression,platform_expressed_experience_not_resident_self_report,0,NA_WITH_EXPLICIT_MASK_NO_INTERPOLATION
d7_text_google_valence,D7,platform_text_google,d7_text_google_valence,d7_text_google_valence_available,workstreams/RQ1_measurement/GOOGLE_TEXT_ABSA_D7_D10_SPLIT_TRACT_YEAR_V3.csv,google_absa_valence_mean_place_weighted,aspect_id==d7_heat_experience,higher_more_positive_expression,platform_expressed_experience_not_resident_self_report,0,NA_WITH_EXPLICIT_MASK_NO_INTERPOLATION
d8_obj_no2_idw_concentration,D8,objective,d8_obj_no2_idw_concentration,d8_obj_no2_idw_concentration_available,workstreams/RQ1_measurement/D8_EPA_IDW_TRACT_YEAR_COMPONENTS_V2.csv,d8_idw_concentration,pollutant==NO2; engineering_eligible==1,higher_more_pollution,epa_monitor_idw_pollutant_specific_component,0,NA_WITH_EXPLICIT_MASK_NO_INTERPOLATION
d8_obj_o3_idw_concentration,D8,objective,d8_obj_o3_idw_concentration,d8_obj_o3_idw_concentration_available,workstreams/RQ1_measurement/D8_EPA_IDW_TRACT_YEAR_COMPONENTS_V2.csv,d8_idw_concentration,pollutant==O3; engineering_eligible==1,higher_more_pollution,epa_monitor_idw_pollutant_specific_component,0,NA_WITH_EXPLICIT_MASK_NO_INTERPOLATION
d8_obj_pm25_idw_concentration,D8,objective,d8_obj_pm25_idw_concentration,d8_obj_pm25_idw_concentration_available,workstreams/RQ1_measurement/D8_EPA_IDW_TRACT_YEAR_COMPONENTS_V2.csv,d8_idw_concentration,pollutant==PM25; engineering_eligible==1,higher_more_pollution,epa_monitor_idw_pollutant_specific_component,0,NA_WITH_EXPLICIT_MASK_NO_INTERPOLATION
d8_text_google_mention_rate,D8,platform_text_google,d8_text_google_mention_rate,d8_text_google_mention_rate_available,workstreams/RQ1_measurement/GOOGLE_TEXT_ABSA_D7_D10_SPLIT_TRACT_YEAR_V3.csv,google_absa_mention_rate_place_weighted,aspect_id==d8_air_pollution_experience,higher_more_frequent_expression,platform_expressed_experience_not_resident_self_report,0,NA_WITH_EXPLICIT_MASK_NO_INTERPOLATION
d8_text_google_valence,D8,platform_text_google,d8_text_google_valence,d8_text_google_valence_available,workstreams/RQ1_measurement/GOOGLE_TEXT_ABSA_D7_D10_SPLIT_TRACT_YEAR_V3.csv,google_absa_valence_mean_place_weighted,aspect_id==d8_air_pollution_experience,higher_more_positive_expression,platform_expressed_experience_not_resident_self_report,0,NA_WITH_EXPLICIT_MASK_NO_INTERPOLATION
d9_obj_conditional_mean_dba,D9,objective,d9_obj_conditional_mean_dba,d9_obj_conditional_mean_dba_available,workstreams/RQ1_measurement/D9_ANNUAL_AVAILABILITY_INTERFACE_V3.csv,d9_conditional_class_midpoint_mean_dba,d9_component_observed==1; nonbenchmark years remain structural NA,higher_more_noise,published_noise_benchmark_component,0,NA_WITH_EXPLICIT_MASK_NO_INTERPOLATION
d9_obj_share_ge55_dba,D9,objective,d9_obj_share_ge55_dba,d9_obj_share_ge55_dba_available,workstreams/RQ1_measurement/D9_ANNUAL_AVAILABILITY_INTERFACE_V3.csv,d9_share_ge55_dba,d9_component_observed==1; nonbenchmark years remain structural NA,higher_more_noise,published_noise_benchmark_component,0,NA_WITH_EXPLICIT_MASK_NO_INTERPOLATION
d9_text_google_mention_rate,D9,platform_text_google,d9_text_google_mention_rate,d9_text_google_mention_rate_available,workstreams/RQ1_measurement/GOOGLE_TEXT_ABSA_D7_D10_SPLIT_TRACT_YEAR_V3.csv,google_absa_mention_rate_place_weighted,aspect_id==d9_noise_experience,higher_more_frequent_expression,platform_expressed_experience_not_resident_self_report,0,NA_WITH_EXPLICIT_MASK_NO_INTERPOLATION
d9_text_google_valence,D9,platform_text_google,d9_text_google_valence,d9_text_google_valence_available,workstreams/RQ1_measurement/GOOGLE_TEXT_ABSA_D7_D10_SPLIT_TRACT_YEAR_V3.csv,google_absa_valence_mean_place_weighted,aspect_id==d9_noise_experience,higher_more_positive_expression,platform_expressed_experience_not_resident_self_report,0,NA_WITH_EXPLICIT_MASK_NO_INTERPOLATION
