model,health_year,median,q25,q75,iqr
GTGNNWR,2014.0,12.646878242492676,10.038667678833008,15.686731815338135,5.648064136505127
GTGNNWR,2017.0,13.148008823394774,10.87355041503906,15.681331396102907,4.807780981063846
GTGNNWR,2019.0,14.410847663879396,12.444262981414795,17.072893142700195,4.6286301612854
GTGNNWR,2021.0,14.774930000305176,13.168612480163574,17.263824462890625,4.095211982727051
GTGNNWR,2023.0,14.465088844299316,13.2876615524292,16.22412872314453,2.936467170715332
GTNNWR,2014.0,12.77265739440918,10.146279335021974,15.700806617736816,5.554527282714842
GTNNWR,2017.0,13.286228656768799,10.774317502975466,15.686894416809082,4.912576913833616
GTNNWR,2019.0,14.233017921447754,12.25377321243286,16.686195373535156,4.432422161102297
GTNNWR,2021.0,14.43769073486328,12.957361698150637,16.79814910888672,3.840787410736082
GTNNWR,2023.0,13.74813175201416,12.149574279785156,15.753856658935549,3.6042823791503924
GTWR,2014.0,12.599178314208984,9.99829626083374,15.649720668792725,5.651424407958984
GTWR,2017.0,13.174560546875,10.897744417190552,15.772544384002686,4.874799966812134
GTWR,2019.0,14.462044715881348,12.428990364074707,17.095558166503906,4.666567802429199
GTWR,2021.0,14.97197437286377,13.263954639434814,17.36725616455078,4.103301525115967
GTWR,2023.0,14.717344284057615,12.953396797180176,17.177003860473633,4.223607063293457
MM-GTGNNWR,2014.0,13.24559497833252,10.99658477306366,15.257265448570251,4.260680675506592
MM-GTGNNWR,2017.0,13.05070972442627,10.762700378894806,14.709208369255066,3.94650799036026
MM-GTGNNWR,2019.0,12.48103928565979,10.022411942481995,14.089957118034363,4.067545175552368
MM-GTGNNWR,2021.0,11.987329006195068,10.034213423728943,13.822982907295227,3.788769483566284
MM-GTGNNWR,2023.0,13.378761529922484,11.619403600692747,15.378482103347778,3.759078502655031
OLS anchor,2014.0,13.891817092895508,11.643195152282715,16.20351219177246,4.560317039489746
OLS anchor,2017.0,13.683655261993408,11.53054666519165,15.81435227394104,4.28380560874939
OLS anchor,2019.0,13.388097763061523,11.292523384094238,15.265091896057129,3.9725685119628906
OLS anchor,2021.0,13.09876537322998,11.093334197998047,15.12103796005249,4.027703762054443
OLS anchor,2023.0,13.004735946655272,10.992095947265623,14.92689609527588,3.9348001480102575
