feature,ses_variable,ses_stratum,n_folds,positive_fraction,negative_fraction,near_zero_fraction,same_sign_fraction,strong_same_sign_ge_0_75,median_quadratic_curvature,median_abs_quadratic_curvature,mean_quadratic_fit_r2,interpretation,dimension
delta_d10_augmented_signed_s_minus_o,education,high,30,0.7666666667,0.2333333333,0.0,0.7666666667,True,0.003866553104,0.004900130586,0.9756412152,quadratic approximation to fitted proxy-model dose response; not causal or resident-level,10
delta_d10_augmented_signed_s_minus_o,education,low,32,0.5625,0.4375,0.0,0.5625,False,0.001198457879,0.00740714292,0.9944539612,quadratic approximation to fitted proxy-model dose response; not causal or resident-level,10
delta_d10_augmented_signed_s_minus_o,education,mid,32,0.59375,0.40625,0.0,0.59375,False,0.00288551793,0.004676738553,0.9675613646,quadratic approximation to fitted proxy-model dose response; not causal or resident-level,10
delta_d10_augmented_signed_s_minus_o,education,unsupported,12,0.5,0.5,0.0,0.5,False,-0.0006959577325,0.006871302112,0.892567663,quadratic approximation to fitted proxy-model dose response; not causal or resident-level,10
delta_d10_augmented_signed_s_minus_o,income,high,32,0.75,0.25,0.0,0.75,True,0.005405931296,0.005740361204,0.989425785,quadratic approximation to fitted proxy-model dose response; not causal or resident-level,10
delta_d10_augmented_signed_s_minus_o,income,low,32,0.59375,0.40625,0.0,0.59375,False,0.001139998613,0.005501334777,0.9823298687,quadratic approximation to fitted proxy-model dose response; not causal or resident-level,10
delta_d10_augmented_signed_s_minus_o,income,mid,32,0.65625,0.34375,0.0,0.65625,False,0.0028769803,0.004121049928,0.9895630683,quadratic approximation to fitted proxy-model dose response; not causal or resident-level,10
delta_d10_augmented_signed_s_minus_o,income,unsupported,26,0.6153846154,0.3846153846,0.0,0.6153846154,False,0.003865196376,0.006702132789,0.9875611479,quadratic approximation to fitted proxy-model dose response; not causal or resident-level,10
delta_d10_augmented_signed_s_minus_o,poverty,high,32,0.5625,0.4375,0.0,0.5625,False,0.0007815456816,0.006379235376,0.9802138537,quadratic approximation to fitted proxy-model dose response; not causal or resident-level,10
delta_d10_augmented_signed_s_minus_o,poverty,low,32,0.71875,0.28125,0.0,0.71875,False,0.003950766155,0.005702541165,0.9876627586,quadratic approximation to fitted proxy-model dose response; not causal or resident-level,10
delta_d10_augmented_signed_s_minus_o,poverty,mid,32,0.65625,0.34375,0.0,0.65625,False,0.003851704743,0.004862677243,0.9930747724,quadratic approximation to fitted proxy-model dose response; not causal or resident-level,10
delta_d10_augmented_signed_s_minus_o,poverty,unsupported,12,0.5,0.5,0.0,0.5,False,-0.0006959577325,0.006871302112,0.892567663,quadratic approximation to fitted proxy-model dose response; not causal or resident-level,10
delta_d10_augmented_signed_s_minus_o,unemployment,high,32,0.65625,0.34375,0.0,0.65625,False,0.002555345619,0.006855238537,0.988779846,quadratic approximation to fitted proxy-model dose response; not causal or resident-level,10
delta_d10_augmented_signed_s_minus_o,unemployment,low,32,0.71875,0.28125,0.0,0.71875,False,0.003526623471,0.006146821478,0.9850250631,quadratic approximation to fitted proxy-model dose response; not causal or resident-level,10
delta_d10_augmented_signed_s_minus_o,unemployment,mid,32,0.78125,0.21875,0.0,0.78125,True,0.002910149556,0.004084813377,0.9918497134,quadratic approximation to fitted proxy-model dose response; not causal or resident-level,10
delta_d10_augmented_signed_s_minus_o,unemployment,unsupported,12,0.5,0.5,0.0,0.5,False,-0.0006959577325,0.006871302112,0.892567663,quadratic approximation to fitted proxy-model dose response; not causal or resident-level,10
delta_d1_augmented_signed_s_minus_o,education,high,30,0.4666666667,0.5333333333,0.0,0.5333333333,False,-0.0009831522154,0.005697615415,0.9892514129,quadratic approximation to fitted proxy-model dose response; not causal or resident-level,1
delta_d1_augmented_signed_s_minus_o,education,low,32,0.59375,0.40625,0.0,0.59375,False,0.001116101451,0.007216490137,0.9836153483,quadratic approximation to fitted proxy-model dose response; not causal or resident-level,1
delta_d1_augmented_signed_s_minus_o,education,mid,32,0.59375,0.40625,0.0,0.59375,False,0.0009434734536,0.006128400685,0.9845493993,quadratic approximation to fitted proxy-model dose response; not causal or resident-level,1
delta_d1_augmented_signed_s_minus_o,education,unsupported,12,0.5,0.5,0.0,0.5,False,0.0008014936608,0.005487570007,0.987908659,quadratic approximation to fitted proxy-model dose response; not causal or resident-level,1
delta_d1_augmented_signed_s_minus_o,income,high,32,0.53125,0.46875,0.0,0.53125,False,0.0009370986246,0.00544732893,0.9833614171,quadratic approximation to fitted proxy-model dose response; not causal or resident-level,1
delta_d1_augmented_signed_s_minus_o,income,low,32,0.46875,0.53125,0.0,0.53125,False,-0.0001912731962,0.006764536476,0.9911119799,quadratic approximation to fitted proxy-model dose response; not causal or resident-level,1
delta_d1_augmented_signed_s_minus_o,income,mid,32,0.5625,0.4375,0.0,0.5625,False,0.001644344829,0.005325455811,0.9691915833,quadratic approximation to fitted proxy-model dose response; not causal or resident-level,1
delta_d1_augmented_signed_s_minus_o,income,unsupported,26,0.4230769231,0.5769230769,0.0,0.5769230769,False,-0.002105694578,0.005405818404,0.9810071801,quadratic approximation to fitted proxy-model dose response; not causal or resident-level,1
delta_d1_augmented_signed_s_minus_o,poverty,high,32,0.46875,0.53125,0.03125,0.53125,False,-0.00149966761,0.005845289079,0.9915183653,quadratic approximation to fitted proxy-model dose response; not causal or resident-level,1
delta_d1_augmented_signed_s_minus_o,poverty,low,32,0.53125,0.46875,0.0,0.53125,False,0.003586713451,0.006632915255,0.9844389796,quadratic approximation to fitted proxy-model dose response; not causal or resident-level,1
delta_d1_augmented_signed_s_minus_o,poverty,mid,32,0.5625,0.4375,0.0,0.5625,False,0.001621684113,0.006063406509,0.9681714053,quadratic approximation to fitted proxy-model dose response; not causal or resident-level,1
delta_d1_augmented_signed_s_minus_o,poverty,unsupported,12,0.5,0.5,0.0,0.5,False,0.0008014936608,0.005487570007,0.987908659,quadratic approximation to fitted proxy-model dose response; not causal or resident-level,1
delta_d1_augmented_signed_s_minus_o,unemployment,high,32,0.46875,0.53125,0.0,0.53125,False,-0.001112472155,0.007519087287,0.9946935877,quadratic approximation to fitted proxy-model dose response; not causal or resident-level,1
delta_d1_augmented_signed_s_minus_o,unemployment,low,32,0.46875,0.53125,0.0,0.53125,False,-0.000269971167,0.005446295564,0.972597563,quadratic approximation to fitted proxy-model dose response; not causal or resident-level,1
delta_d1_augmented_signed_s_minus_o,unemployment,mid,32,0.59375,0.40625,0.0,0.59375,False,0.002280564934,0.005475138929,0.9723172136,quadratic approximation to fitted proxy-model dose response; not causal or resident-level,1
delta_d1_augmented_signed_s_minus_o,unemployment,unsupported,12,0.5,0.5,0.0,0.5,False,0.0008014936608,0.005487570007,0.987908659,quadratic approximation to fitted proxy-model dose response; not causal or resident-level,1
delta_d2_augmented_signed_s_minus_o,education,high,30,0.6333333333,0.3666666667,0.0,0.6333333333,False,0.003051066511,0.006704537866,0.9722579803,quadratic approximation to fitted proxy-model dose response; not causal or resident-level,2
delta_d2_augmented_signed_s_minus_o,education,low,32,0.375,0.625,0.0,0.625,False,-0.002591490584,0.009029808077,0.9952560929,quadratic approximation to fitted proxy-model dose response; not causal or resident-level,2
delta_d2_augmented_signed_s_minus_o,education,mid,32,0.5,0.5,0.0,0.5,False,0.0002293205934,0.004837695216,0.981743101,quadratic approximation to fitted proxy-model dose response; not causal or resident-level,2
delta_d2_augmented_signed_s_minus_o,education,unsupported,12,0.5,0.5,0.0,0.5,False,0.0008735387352,0.008001162892,0.9959653933,quadratic approximation to fitted proxy-model dose response; not causal or resident-level,2
delta_d2_augmented_signed_s_minus_o,income,high,32,0.59375,0.40625,0.0,0.59375,False,0.003549319159,0.007149342605,0.9766067116,quadratic approximation to fitted proxy-model dose response; not causal or resident-level,2
delta_d2_augmented_signed_s_minus_o,income,low,32,0.5,0.5,0.0,0.5,False,-0.0005313144731,0.006781530978,0.994429308,quadratic approximation to fitted proxy-model dose response; not causal or resident-level,2
delta_d2_augmented_signed_s_minus_o,income,mid,32,0.4375,0.5625,0.0,0.5625,False,-0.001627607787,0.004365395089,0.9815655122,quadratic approximation to fitted proxy-model dose response; not causal or resident-level,2
delta_d2_augmented_signed_s_minus_o,income,unsupported,26,0.4230769231,0.5769230769,0.0,0.5769230769,False,-0.002217092406,0.007869830521,0.9972614423,quadratic approximation to fitted proxy-model dose response; not causal or resident-level,2
delta_d2_augmented_signed_s_minus_o,poverty,high,32,0.4375,0.5625,0.0,0.5625,False,-0.004059323629,0.007050634371,0.9897274299,quadratic approximation to fitted proxy-model dose response; not causal or resident-level,2
delta_d2_augmented_signed_s_minus_o,poverty,low,32,0.5625,0.4375,0.0,0.5625,False,0.001173741548,0.006532055012,0.9823669555,quadratic approximation to fitted proxy-model dose response; not causal or resident-level,2
delta_d2_augmented_signed_s_minus_o,poverty,mid,32,0.46875,0.53125,0.0,0.53125,False,-0.0003750079674,0.003857231481,0.98035386,quadratic approximation to fitted proxy-model dose response; not causal or resident-level,2
delta_d2_augmented_signed_s_minus_o,poverty,unsupported,12,0.5,0.5,0.0,0.5,False,0.0008735387352,0.008001162892,0.9959653933,quadratic approximation to fitted proxy-model dose response; not causal or resident-level,2
delta_d2_augmented_signed_s_minus_o,unemployment,high,32,0.40625,0.59375,0.0,0.59375,False,-0.002602751373,0.006425333621,0.987037178,quadratic approximation to fitted proxy-model dose response; not causal or resident-level,2
delta_d2_augmented_signed_s_minus_o,unemployment,low,32,0.5,0.5,0.0,0.5,False,0.0009672174256,0.00727176608,0.9789025808,quadratic approximation to fitted proxy-model dose response; not causal or resident-level,2
delta_d2_augmented_signed_s_minus_o,unemployment,mid,32,0.46875,0.53125,0.0,0.53125,False,-0.0007021646245,0.003353572343,0.9809276168,quadratic approximation to fitted proxy-model dose response; not causal or resident-level,2
delta_d2_augmented_signed_s_minus_o,unemployment,unsupported,12,0.5,0.5,0.0,0.5,False,0.0008735387352,0.008001162892,0.9959653933,quadratic approximation to fitted proxy-model dose response; not causal or resident-level,2
delta_d3_augmented_signed_s_minus_o,education,high,30,0.7,0.3,0.0,0.7,False,0.004972378901,0.008208729938,0.9890636049,quadratic approximation to fitted proxy-model dose response; not causal or resident-level,3
delta_d3_augmented_signed_s_minus_o,education,low,32,0.6875,0.3125,0.0,0.6875,False,0.003512010485,0.008225745151,0.9913815913,quadratic approximation to fitted proxy-model dose response; not causal or resident-level,3
delta_d3_augmented_signed_s_minus_o,education,mid,32,0.75,0.25,0.0,0.75,True,0.004782756459,0.007260827934,0.9913960864,quadratic approximation to fitted proxy-model dose response; not causal or resident-level,3
delta_d3_augmented_signed_s_minus_o,education,unsupported,12,0.4166666667,0.5833333333,0.0,0.5833333333,False,-0.002510162108,0.008678756958,0.9987476202,quadratic approximation to fitted proxy-model dose response; not causal or resident-level,3
delta_d3_augmented_signed_s_minus_o,income,high,32,0.6875,0.3125,0.0,0.6875,False,0.003629912312,0.009514373045,0.9954117379,quadratic approximation to fitted proxy-model dose response; not causal or resident-level,3
delta_d3_augmented_signed_s_minus_o,income,low,32,0.65625,0.34375,0.0,0.65625,False,0.00192888854,0.00702623739,0.9869719116,quadratic approximation to fitted proxy-model dose response; not causal or resident-level,3
delta_d3_augmented_signed_s_minus_o,income,mid,32,0.78125,0.21875,0.0,0.78125,True,0.002782760026,0.006587697435,0.9828106665,quadratic approximation to fitted proxy-model dose response; not causal or resident-level,3
delta_d3_augmented_signed_s_minus_o,income,unsupported,26,0.5384615385,0.4615384615,0.0,0.5384615385,False,0.002321458175,0.006842597356,0.9763187091,quadratic approximation to fitted proxy-model dose response; not causal or resident-level,3
delta_d3_augmented_signed_s_minus_o,poverty,high,32,0.625,0.375,0.0,0.625,False,0.003643431777,0.006238759394,0.9895398758,quadratic approximation to fitted proxy-model dose response; not causal or resident-level,3
delta_d3_augmented_signed_s_minus_o,poverty,low,32,0.75,0.25,0.0,0.75,True,0.004860174557,0.009726094741,0.9888906639,quadratic approximation to fitted proxy-model dose response; not causal or resident-level,3
delta_d3_augmented_signed_s_minus_o,poverty,mid,32,0.78125,0.21875,0.0,0.78125,True,0.003449220426,0.006938463226,0.9778106663,quadratic approximation to fitted proxy-model dose response; not causal or resident-level,3
delta_d3_augmented_signed_s_minus_o,poverty,unsupported,12,0.4166666667,0.5833333333,0.0,0.5833333333,False,-0.002510162108,0.008678756958,0.9987476202,quadratic approximation to fitted proxy-model dose response; not causal or resident-level,3
delta_d3_augmented_signed_s_minus_o,unemployment,high,32,0.625,0.375,0.0,0.625,False,0.002217806191,0.00603626244,0.9918903589,quadratic approximation to fitted proxy-model dose response; not causal or resident-level,3
delta_d3_augmented_signed_s_minus_o,unemployment,low,32,0.6875,0.3125,0.0,0.6875,False,0.005139019891,0.007805544501,0.9928223897,quadratic approximation to fitted proxy-model dose response; not causal or resident-level,3
delta_d3_augmented_signed_s_minus_o,unemployment,mid,32,0.8125,0.1875,0.0,0.8125,True,0.003688659064,0.005301289267,0.9591123711,quadratic approximation to fitted proxy-model dose response; not causal or resident-level,3
delta_d3_augmented_signed_s_minus_o,unemployment,unsupported,12,0.4166666667,0.5833333333,0.0,0.5833333333,False,-0.002510162108,0.008678756958,0.9987476202,quadratic approximation to fitted proxy-model dose response; not causal or resident-level,3
delta_d4_augmented_signed_s_minus_o,education,high,30,0.4333333333,0.5666666667,0.0,0.5666666667,False,-0.001063634825,0.006871841759,0.9990007253,quadratic approximation to fitted proxy-model dose response; not causal or resident-level,4
delta_d4_augmented_signed_s_minus_o,education,low,32,0.53125,0.46875,0.0,0.53125,False,0.001980171748,0.007320382157,0.9969869383,quadratic approximation to fitted proxy-model dose response; not causal or resident-level,4
delta_d4_augmented_signed_s_minus_o,education,mid,32,0.4375,0.5625,0.0,0.5625,False,-0.0004944638254,0.00466754048,0.9965349546,quadratic approximation to fitted proxy-model dose response; not causal or resident-level,4
delta_d4_augmented_signed_s_minus_o,education,unsupported,12,0.5,0.5,0.0,0.5,False,0.0007000648524,0.007315474784,0.9951466379,quadratic approximation to fitted proxy-model dose response; not causal or resident-level,4
delta_d4_augmented_signed_s_minus_o,income,high,32,0.5,0.5,0.0,0.5,False,-1.745007704e-05,0.006085723502,0.9977793305,quadratic approximation to fitted proxy-model dose response; not causal or resident-level,4
delta_d4_augmented_signed_s_minus_o,income,low,32,0.46875,0.53125,0.0,0.53125,False,-0.000595448488,0.006842796266,0.992249866,quadratic approximation to fitted proxy-model dose response; not causal or resident-level,4
delta_d4_augmented_signed_s_minus_o,income,mid,32,0.4375,0.5625,0.0,0.5625,False,-0.001202218419,0.005381903174,0.9979162313,quadratic approximation to fitted proxy-model dose response; not causal or resident-level,4
delta_d4_augmented_signed_s_minus_o,income,unsupported,26,0.5384615385,0.4615384615,0.0,0.5384615385,False,0.001708016382,0.009354753236,0.9957013622,quadratic approximation to fitted proxy-model dose response; not causal or resident-level,4
delta_d4_augmented_signed_s_minus_o,poverty,high,32,0.46875,0.53125,0.0,0.53125,False,-0.001007816026,0.005732081146,0.9958616498,quadratic approximation to fitted proxy-model dose response; not causal or resident-level,4
delta_d4_augmented_signed_s_minus_o,poverty,low,32,0.5,0.5,0.0,0.5,False,-0.0004782744582,0.006661905362,0.997524909,quadratic approximation to fitted proxy-model dose response; not causal or resident-level,4
delta_d4_augmented_signed_s_minus_o,poverty,mid,32,0.4375,0.5625,0.0,0.5625,False,-0.001212093117,0.005644685563,0.9978661674,quadratic approximation to fitted proxy-model dose response; not causal or resident-level,4
delta_d4_augmented_signed_s_minus_o,poverty,unsupported,12,0.5,0.5,0.0,0.5,False,0.0007000648524,0.007315474784,0.9951466379,quadratic approximation to fitted proxy-model dose response; not causal or resident-level,4
delta_d4_augmented_signed_s_minus_o,unemployment,high,32,0.53125,0.46875,0.0,0.53125,False,0.001789791383,0.007976720682,0.9970342785,quadratic approximation to fitted proxy-model dose response; not causal or resident-level,4
delta_d4_augmented_signed_s_minus_o,unemployment,low,32,0.46875,0.53125,0.0,0.53125,False,-0.0009942002924,0.006518585772,0.9984759933,quadratic approximation to fitted proxy-model dose response; not causal or resident-level,4
delta_d4_augmented_signed_s_minus_o,unemployment,mid,32,0.5,0.5,0.0,0.5,False,0.000248060511,0.005086409992,0.9982011284,quadratic approximation to fitted proxy-model dose response; not causal or resident-level,4
delta_d4_augmented_signed_s_minus_o,unemployment,unsupported,12,0.5,0.5,0.0,0.5,False,0.0007000648524,0.007315474784,0.9951466379,quadratic approximation to fitted proxy-model dose response; not causal or resident-level,4
delta_d5_augmented_signed_s_minus_o,education,high,30,0.4666666667,0.5333333333,0.0,0.5333333333,False,-0.0006420441704,0.008513250156,0.9947456502,quadratic approximation to fitted proxy-model dose response; not causal or resident-level,5
delta_d5_augmented_signed_s_minus_o,education,low,32,0.5625,0.4375,0.0,0.5625,False,0.004766189818,0.006052549599,0.9938473508,quadratic approximation to fitted proxy-model dose response; not causal or resident-level,5
delta_d5_augmented_signed_s_minus_o,education,mid,32,0.6875,0.3125,0.0,0.6875,False,0.003433122355,0.005082761204,0.9914633451,quadratic approximation to fitted proxy-model dose response; not causal or resident-level,5
delta_d5_augmented_signed_s_minus_o,education,unsupported,12,0.5,0.5,0.0,0.5,False,0.0003361590713,0.007378078642,0.9997684363,quadratic approximation to fitted proxy-model dose response; not causal or resident-level,5
delta_d5_augmented_signed_s_minus_o,income,high,32,0.53125,0.46875,0.0,0.53125,False,0.001270946775,0.007530911776,0.9927863778,quadratic approximation to fitted proxy-model dose response; not causal or resident-level,5
delta_d5_augmented_signed_s_minus_o,income,low,32,0.65625,0.34375,0.0,0.65625,False,0.002417359197,0.007082146738,0.9942533855,quadratic approximation to fitted proxy-model dose response; not causal or resident-level,5
delta_d5_augmented_signed_s_minus_o,income,mid,32,0.65625,0.34375,0.0,0.65625,False,0.003652843419,0.005664940163,0.9965856254,quadratic approximation to fitted proxy-model dose response; not causal or resident-level,5
delta_d5_augmented_signed_s_minus_o,income,unsupported,26,0.6923076923,0.3076923077,0.0,0.6923076923,False,0.005165147031,0.009598845096,0.998350784,quadratic approximation to fitted proxy-model dose response; not causal or resident-level,5
delta_d5_augmented_signed_s_minus_o,poverty,high,32,0.6875,0.3125,0.0,0.6875,False,0.003058133321,0.007614761901,0.9937825741,quadratic approximation to fitted proxy-model dose response; not causal or resident-level,5
delta_d5_augmented_signed_s_minus_o,poverty,low,32,0.59375,0.40625,0.0,0.59375,False,0.002870711872,0.007924832188,0.9933596776,quadratic approximation to fitted proxy-model dose response; not causal or resident-level,5
delta_d5_augmented_signed_s_minus_o,poverty,mid,32,0.65625,0.34375,0.0,0.65625,False,0.004405086968,0.007394687304,0.9967969969,quadratic approximation to fitted proxy-model dose response; not causal or resident-level,5
delta_d5_augmented_signed_s_minus_o,poverty,unsupported,12,0.5,0.5,0.0,0.5,False,0.0003361590713,0.007378078642,0.9997684363,quadratic approximation to fitted proxy-model dose response; not causal or resident-level,5
delta_d5_augmented_signed_s_minus_o,unemployment,high,32,0.59375,0.40625,0.0,0.59375,False,0.002124808089,0.005957002162,0.9947031796,quadratic approximation to fitted proxy-model dose response; not causal or resident-level,5
delta_d5_augmented_signed_s_minus_o,unemployment,low,32,0.625,0.375,0.0,0.625,False,0.003444635166,0.006611852267,0.9951565887,quadratic approximation to fitted proxy-model dose response; not causal or resident-level,5
delta_d5_augmented_signed_s_minus_o,unemployment,mid,32,0.625,0.375,0.0,0.625,False,0.002678888094,0.005742938634,0.9957575251,quadratic approximation to fitted proxy-model dose response; not causal or resident-level,5
delta_d5_augmented_signed_s_minus_o,unemployment,unsupported,12,0.5,0.5,0.0,0.5,False,0.0003361590713,0.007378078642,0.9997684363,quadratic approximation to fitted proxy-model dose response; not causal or resident-level,5
delta_d6_augmented_signed_s_minus_o,education,high,30,0.8333333333,0.1666666667,0.0,0.8333333333,True,0.004265972033,0.007213175107,0.9961579542,quadratic approximation to fitted proxy-model dose response; not causal or resident-level,6
delta_d6_augmented_signed_s_minus_o,education,low,32,0.5,0.5,0.0,0.5,False,-0.0001032942665,0.005367838432,0.9964641175,quadratic approximation to fitted proxy-model dose response; not causal or resident-level,6
delta_d6_augmented_signed_s_minus_o,education,mid,32,0.59375,0.40625,0.0,0.59375,False,0.002990544394,0.005837737959,0.9693554433,quadratic approximation to fitted proxy-model dose response; not causal or resident-level,6
delta_d6_augmented_signed_s_minus_o,education,unsupported,12,0.5,0.5,0.0,0.5,False,0.00044657449,0.004885185333,0.9906963452,quadratic approximation to fitted proxy-model dose response; not causal or resident-level,6
delta_d6_augmented_signed_s_minus_o,income,high,32,0.6875,0.3125,0.0,0.6875,False,0.004667391023,0.007032163764,0.9533698324,quadratic approximation to fitted proxy-model dose response; not causal or resident-level,6
delta_d6_augmented_signed_s_minus_o,income,low,32,0.53125,0.46875,0.0,0.53125,False,0.0008069903108,0.007421799129,0.9956264841,quadratic approximation to fitted proxy-model dose response; not causal or resident-level,6
delta_d6_augmented_signed_s_minus_o,income,mid,32,0.59375,0.40625,0.0,0.59375,False,0.002552152561,0.004747457204,0.9867898308,quadratic approximation to fitted proxy-model dose response; not causal or resident-level,6
delta_d6_augmented_signed_s_minus_o,income,unsupported,26,0.6153846154,0.3846153846,0.0,0.6153846154,False,0.002835082879,0.005751772959,0.9854436115,quadratic approximation to fitted proxy-model dose response; not causal or resident-level,6
delta_d6_augmented_signed_s_minus_o,poverty,high,32,0.53125,0.46875,0.0,0.53125,False,0.0009129659849,0.007033306218,0.9960603358,quadratic approximation to fitted proxy-model dose response; not causal or resident-level,6
delta_d6_augmented_signed_s_minus_o,poverty,low,32,0.59375,0.40625,0.0,0.59375,False,0.002274121937,0.005970538147,0.9892781556,quadratic approximation to fitted proxy-model dose response; not causal or resident-level,6
delta_d6_augmented_signed_s_minus_o,poverty,mid,32,0.59375,0.40625,0.0,0.59375,False,0.001818899262,0.004423803745,0.9851660049,quadratic approximation to fitted proxy-model dose response; not causal or resident-level,6
delta_d6_augmented_signed_s_minus_o,poverty,unsupported,12,0.5,0.5,0.0,0.5,False,0.00044657449,0.004885185333,0.9906963452,quadratic approximation to fitted proxy-model dose response; not causal or resident-level,6
delta_d6_augmented_signed_s_minus_o,unemployment,high,32,0.5625,0.4375,0.0,0.5625,False,0.001539672098,0.006044781973,0.9969871732,quadratic approximation to fitted proxy-model dose response; not causal or resident-level,6
delta_d6_augmented_signed_s_minus_o,unemployment,low,32,0.65625,0.34375,0.0,0.65625,False,0.003022173667,0.006841454086,0.9832488094,quadratic approximation to fitted proxy-model dose response; not causal or resident-level,6
delta_d6_augmented_signed_s_minus_o,unemployment,mid,32,0.5625,0.4375,0.0,0.5625,False,0.001983969263,0.003868879814,0.9568188503,quadratic approximation to fitted proxy-model dose response; not causal or resident-level,6
delta_d6_augmented_signed_s_minus_o,unemployment,unsupported,12,0.5,0.5,0.0,0.5,False,0.00044657449,0.004885185333,0.9906963452,quadratic approximation to fitted proxy-model dose response; not causal or resident-level,6
delta_d7_augmented_signed_s_minus_o,education,high,30,0.5666666667,0.4333333333,0.0,0.5666666667,False,0.002671093513,0.009172063467,0.991342779,quadratic approximation to fitted proxy-model dose response; not causal or resident-level,7
delta_d7_augmented_signed_s_minus_o,education,low,32,0.625,0.375,0.0,0.625,False,0.002391759274,0.006200983651,0.9936790792,quadratic approximation to fitted proxy-model dose response; not causal or resident-level,7
delta_d7_augmented_signed_s_minus_o,education,mid,32,0.71875,0.28125,0.0,0.71875,False,0.00433170399,0.005414647031,0.9968152033,quadratic approximation to fitted proxy-model dose response; not causal or resident-level,7
delta_d7_augmented_signed_s_minus_o,education,unsupported,12,0.75,0.25,0.0,0.75,True,0.003291384881,0.004406513298,0.9969444761,quadratic approximation to fitted proxy-model dose response; not causal or resident-level,7
delta_d7_augmented_signed_s_minus_o,income,high,32,0.5625,0.4375,0.0,0.5625,False,0.002401155827,0.006908698565,0.9948129812,quadratic approximation to fitted proxy-model dose response; not causal or resident-level,7
delta_d7_augmented_signed_s_minus_o,income,low,32,0.5625,0.4375,0.0,0.5625,False,0.001890730594,0.005976963896,0.9971612186,quadratic approximation to fitted proxy-model dose response; not causal or resident-level,7
delta_d7_augmented_signed_s_minus_o,income,mid,32,0.625,0.375,0.0,0.625,False,0.00160826233,0.004087417236,0.9947202929,quadratic approximation to fitted proxy-model dose response; not causal or resident-level,7
delta_d7_augmented_signed_s_minus_o,income,unsupported,26,0.5769230769,0.4230769231,0.0,0.5769230769,False,0.00160297856,0.003343239325,0.981400973,quadratic approximation to fitted proxy-model dose response; not causal or resident-level,7
delta_d7_augmented_signed_s_minus_o,poverty,high,32,0.59375,0.40625,0.0,0.59375,False,0.002704612679,0.0065430365,0.9954408563,quadratic approximation to fitted proxy-model dose response; not causal or resident-level,7
delta_d7_augmented_signed_s_minus_o,poverty,low,32,0.625,0.375,0.0,0.625,False,0.003148297025,0.005833740449,0.9956672549,quadratic approximation to fitted proxy-model dose response; not causal or resident-level,7
delta_d7_augmented_signed_s_minus_o,poverty,mid,32,0.59375,0.40625,0.0,0.59375,False,0.002161052553,0.004219102376,0.9960099505,quadratic approximation to fitted proxy-model dose response; not causal or resident-level,7
delta_d7_augmented_signed_s_minus_o,poverty,unsupported,12,0.75,0.25,0.0,0.75,True,0.003291384881,0.004406513298,0.9969444761,quadratic approximation to fitted proxy-model dose response; not causal or resident-level,7
delta_d7_augmented_signed_s_minus_o,unemployment,high,32,0.625,0.375,0.0,0.625,False,0.002660542792,0.006919911754,0.9968943702,quadratic approximation to fitted proxy-model dose response; not causal or resident-level,7
delta_d7_augmented_signed_s_minus_o,unemployment,low,32,0.59375,0.40625,0.0,0.59375,False,0.002871753956,0.006660849049,0.9908292835,quadratic approximation to fitted proxy-model dose response; not causal or resident-level,7
delta_d7_augmented_signed_s_minus_o,unemployment,mid,32,0.5625,0.4375,0.0,0.5625,False,0.0006108436051,0.00395958117,0.9950272071,quadratic approximation to fitted proxy-model dose response; not causal or resident-level,7
delta_d7_augmented_signed_s_minus_o,unemployment,unsupported,12,0.75,0.25,0.0,0.75,True,0.003291384881,0.004406513298,0.9969444761,quadratic approximation to fitted proxy-model dose response; not causal or resident-level,7
delta_d8_augmented_signed_s_minus_o,education,high,30,0.6666666667,0.3333333333,0.0,0.6666666667,False,0.001564704607,0.006940607285,0.9910972458,quadratic approximation to fitted proxy-model dose response; not causal or resident-level,8
delta_d8_augmented_signed_s_minus_o,education,low,32,0.5625,0.4375,0.0,0.5625,False,0.0008594070254,0.004719096857,0.9674288676,quadratic approximation to fitted proxy-model dose response; not causal or resident-level,8
delta_d8_augmented_signed_s_minus_o,education,mid,32,0.59375,0.40625,0.0,0.59375,False,0.001522622774,0.004507029813,0.9896748091,quadratic approximation to fitted proxy-model dose response; not causal or resident-level,8
delta_d8_augmented_signed_s_minus_o,education,unsupported,12,0.5833333333,0.4166666667,0.0,0.5833333333,False,0.001361660051,0.007306072627,0.9701072469,quadratic approximation to fitted proxy-model dose response; not causal or resident-level,8
delta_d8_augmented_signed_s_minus_o,income,high,32,0.625,0.375,0.0,0.625,False,0.002699311367,0.009051032223,0.9820724292,quadratic approximation to fitted proxy-model dose response; not causal or resident-level,8
delta_d8_augmented_signed_s_minus_o,income,low,32,0.5,0.5,0.0,0.5,False,-0.001008511689,0.004605881312,0.9854812381,quadratic approximation to fitted proxy-model dose response; not causal or resident-level,8
delta_d8_augmented_signed_s_minus_o,income,mid,32,0.65625,0.34375,0.0,0.65625,False,0.002936115111,0.004734953111,0.985863016,quadratic approximation to fitted proxy-model dose response; not causal or resident-level,8
delta_d8_augmented_signed_s_minus_o,income,unsupported,26,0.6923076923,0.3076923077,0.0,0.6923076923,False,0.004234509105,0.007673232379,0.9555121446,quadratic approximation to fitted proxy-model dose response; not causal or resident-level,8
delta_d8_augmented_signed_s_minus_o,poverty,high,32,0.5,0.5,0.0,0.5,False,-0.0001004094347,0.0061068053,0.9898592945,quadratic approximation to fitted proxy-model dose response; not causal or resident-level,8
delta_d8_augmented_signed_s_minus_o,poverty,low,32,0.59375,0.40625,0.0,0.59375,False,0.001117699735,0.008090409938,0.962953201,quadratic approximation to fitted proxy-model dose response; not causal or resident-level,8
delta_d8_augmented_signed_s_minus_o,poverty,mid,32,0.625,0.375,0.0,0.625,False,0.002548833317,0.005384071806,0.9815437707,quadratic approximation to fitted proxy-model dose response; not causal or resident-level,8
delta_d8_augmented_signed_s_minus_o,poverty,unsupported,12,0.5833333333,0.4166666667,0.0,0.5833333333,False,0.001361660051,0.007306072627,0.9701072469,quadratic approximation to fitted proxy-model dose response; not causal or resident-level,8
delta_d8_augmented_signed_s_minus_o,unemployment,high,32,0.5,0.5,0.0,0.5,False,-0.0006697130624,0.005086345803,0.9880713979,quadratic approximation to fitted proxy-model dose response; not causal or resident-level,8
delta_d8_augmented_signed_s_minus_o,unemployment,low,32,0.65625,0.34375,0.0,0.65625,False,0.002160549683,0.006116820254,0.9883396029,quadratic approximation to fitted proxy-model dose response; not causal or resident-level,8
delta_d8_augmented_signed_s_minus_o,unemployment,mid,32,0.6875,0.3125,0.0,0.6875,False,0.001683212139,0.004415929011,0.9819560248,quadratic approximation to fitted proxy-model dose response; not causal or resident-level,8
delta_d8_augmented_signed_s_minus_o,unemployment,unsupported,12,0.5833333333,0.4166666667,0.0,0.5833333333,False,0.001361660051,0.007306072627,0.9701072469,quadratic approximation to fitted proxy-model dose response; not causal or resident-level,8
delta_d9_augmented_signed_s_minus_o,education,high,30,0.6333333333,0.3666666667,0.0,0.6333333333,False,0.001067385227,0.009087143022,0.9949336498,quadratic approximation to fitted proxy-model dose response; not causal or resident-level,9
delta_d9_augmented_signed_s_minus_o,education,low,32,0.53125,0.46875,0.0,0.53125,False,0.0009176082035,0.008231702524,0.9922673355,quadratic approximation to fitted proxy-model dose response; not causal or resident-level,9
delta_d9_augmented_signed_s_minus_o,education,mid,32,0.5,0.5,0.0,0.5,False,0.0001122056551,0.004707790582,0.9895915389,quadratic approximation to fitted proxy-model dose response; not causal or resident-level,9
delta_d9_augmented_signed_s_minus_o,education,unsupported,12,0.6666666667,0.3333333333,0.0,0.6666666667,False,0.003451945545,0.006054885533,0.9963467385,quadratic approximation to fitted proxy-model dose response; not causal or resident-level,9
delta_d9_augmented_signed_s_minus_o,income,high,32,0.40625,0.59375,0.0,0.59375,False,-0.002137193952,0.005743931681,0.9928463023,quadratic approximation to fitted proxy-model dose response; not causal or resident-level,9
delta_d9_augmented_signed_s_minus_o,income,low,32,0.5625,0.4375,0.0,0.5625,False,0.001625101855,0.006438987367,0.9945122337,quadratic approximation to fitted proxy-model dose response; not causal or resident-level,9
delta_d9_augmented_signed_s_minus_o,income,mid,32,0.5625,0.4375,0.0,0.5625,False,0.001233495595,0.005134736904,0.9581567015,quadratic approximation to fitted proxy-model dose response; not causal or resident-level,9
delta_d9_augmented_signed_s_minus_o,income,unsupported,26,0.5769230769,0.4230769231,0.0,0.5769230769,False,0.001693661141,0.004006824424,0.9948627717,quadratic approximation to fitted proxy-model dose response; not causal or resident-level,9
delta_d9_augmented_signed_s_minus_o,poverty,high,32,0.53125,0.46875,0.0,0.53125,False,0.001270705267,0.00649858747,0.9949320672,quadratic approximation to fitted proxy-model dose response; not causal or resident-level,9
delta_d9_augmented_signed_s_minus_o,poverty,low,32,0.53125,0.46875,0.0,0.53125,False,0.0011209824,0.005161223787,0.9906726535,quadratic approximation to fitted proxy-model dose response; not causal or resident-level,9
delta_d9_augmented_signed_s_minus_o,poverty,mid,32,0.5625,0.4375,0.0,0.5625,False,0.001733430687,0.006157395658,0.9867407362,quadratic approximation to fitted proxy-model dose response; not causal or resident-level,9
delta_d9_augmented_signed_s_minus_o,poverty,unsupported,12,0.6666666667,0.3333333333,0.0,0.6666666667,False,0.003451945545,0.006054885533,0.9963467385,quadratic approximation to fitted proxy-model dose response; not causal or resident-level,9
delta_d9_augmented_signed_s_minus_o,unemployment,high,32,0.53125,0.46875,0.0,0.53125,False,0.0003553666618,0.0070647932,0.9822891621,quadratic approximation to fitted proxy-model dose response; not causal or resident-level,9
delta_d9_augmented_signed_s_minus_o,unemployment,low,32,0.4375,0.5625,0.0,0.5625,False,-0.003217816568,0.005511204411,0.9906505558,quadratic approximation to fitted proxy-model dose response; not causal or resident-level,9
delta_d9_augmented_signed_s_minus_o,unemployment,mid,32,0.59375,0.40625,0.0,0.59375,False,0.0008926398349,0.005365681587,0.9693344212,quadratic approximation to fitted proxy-model dose response; not causal or resident-level,9
delta_d9_augmented_signed_s_minus_o,unemployment,unsupported,12,0.6666666667,0.3333333333,0.0,0.6666666667,False,0.003451945545,0.006054885533,0.9963467385,quadratic approximation to fitted proxy-model dose response; not causal or resident-level,9
