dimension,education,income,poverty,unemployment
1,0.555208333325,0.550480769225,0.53125,0.5390625
2,0.564583333325,0.558293269225,0.5390625,0.53125
3,0.680208333325,0.665865384625,0.684895833325,0.677083333325
4,0.5401041666749999,0.533052884625,0.5234375,0.515625
5,0.570833333325,0.634014423075,0.609375,0.5859375
6,0.606770833325,0.60697115385,0.5546875,0.5703125
7,0.6651041666749999,0.581730769225,0.640625,0.6328125
8,0.6015625,0.618389423075,0.575520833325,0.606770833325
9,0.5828125,0.573918269225,0.572916666675,0.588541666675
10,0.605729166675,0.65384615385,0.609375,0.6640625
