fold_id,baseline_rmse,nonlinear_rmse,baseline_mae,nonlinear_mae,scheme,delta_rmse,delta_mae
axis_recursive__v2010__B1,2.036174058914185,1.9145383834838867,1.500447392463684,1.411504149436951,Axis recursive,-0.1216356754302983,-0.08894324302673318
axis_recursive__v2010__B2,1.8894113302230835,1.791115641593933,1.4673337936401367,1.3852627277374268,Axis recursive,-0.09829568862915039,-0.08207106590270996
axis_recursive__v2010__B3,2.227818250656128,2.118680477142334,1.7209477424621582,1.6495757102966309,Axis recursive,-0.10913777351379395,-0.07137203216552734
axis_recursive__v2010__B4,2.2060706615448,2.098591089248657,1.686584234237671,1.651661396026611,Axis recursive,-0.10747957229614302,-0.03492283821105979
axis_recursive__v2020__B1,4.106594562530518,3.384315013885498,3.8910419940948486,3.044097661972046,Axis recursive,-0.7222795486450195,-0.8469443321228027
axis_recursive__v2020__B2,2.8584628105163574,2.6263539791107178,2.7166340351104736,2.4689722061157227,Axis recursive,-0.23210883140563965,-0.24766182899475098
axis_recursive__v2020__B3,2.5125553607940674,2.2253496646881104,2.066739559173584,1.7788511514663696,Axis recursive,-0.28720569610595703,-0.28788840770721436
axis_recursive__v2020__B4,3.597684621810913,3.121323108673096,3.3119125366210938,2.808319330215454,Axis recursive,-0.47636151313781694,-0.5035932064056396
polar_north_clockwise_equal_count__v2010__B1,2.3242030143737797,2.1744887828826904,1.787031888961792,1.6594016551971436,Polar,-0.1497142314910893,-0.12763023376464844
polar_north_clockwise_equal_count__v2010__B2,3.3730990886688232,2.5037903785705566,2.592308759689331,1.8652080297470093,Polar,-0.8693087100982666,-0.7271007299423218
polar_north_clockwise_equal_count__v2010__B3,2.098653078079224,1.942684531211853,1.5463855266571045,1.438057541847229,Polar,-0.15596854686737105,-0.10832798480987549
polar_north_clockwise_equal_count__v2010__B4,1.8233741521835327,1.587943196296692,1.4053637981414795,1.2678316831588743,Polar,-0.23543095588684082,-0.1375321149826052
polar_north_clockwise_equal_count__v2020__B1,3.035114049911499,2.573970079421997,2.618594169616699,2.182492971420288,Polar,-0.46114397048950195,-0.43610119819641113
polar_north_clockwise_equal_count__v2020__B2,4.002750873565674,2.842747449874878,3.5872132778167725,2.3546130657196045,Polar,-1.160003423690796,-1.232600212097168
polar_north_clockwise_equal_count__v2020__B3,3.9658031463623047,3.941453456878662,3.759643793106079,3.7074434757232666,Polar,-0.024349689483642578,-0.0522003173828125
polar_north_clockwise_equal_count__v2020__B4,3.0623583793640137,2.7295784950256348,2.8464717864990234,2.529743432998657,Polar,-0.3327798843383789,-0.31672835350036666
rotated45_recursive__v2010__B1,3.2905056476593018,2.3051295280456543,2.546083211898804,1.7768666744232178,Rotated 45°,-0.9853761196136475,-0.7692165374755864
rotated45_recursive__v2010__B2,2.149398803710937,2.043809413909912,1.6007754802703855,1.5151596069335938,Rotated 45°,-0.10558938980102495,-0.08561587333679177
rotated45_recursive__v2010__B3,2.4742467403411865,2.0997440814971924,1.8713459968566892,1.6591078042984009,Rotated 45°,-0.37450265884399414,-0.21223819255828835
rotated45_recursive__v2010__B4,1.8366649150848389,1.824588656425476,1.4254217147827148,1.4209858179092407,Rotated 45°,-0.012076258659362793,-0.004435896873474121
rotated45_recursive__v2020__B1,4.195120334625244,2.3480260372161865,3.865565061569214,1.8381651639938357,Rotated 45°,-1.8470942974090576,-2.0273998975753784
rotated45_recursive__v2020__B2,3.3340511322021484,3.07310152053833,3.120523691177368,2.809942960739136,Rotated 45°,-0.26094961166381836,-0.310580730438232
rotated45_recursive__v2020__B3,4.017650127410889,3.622554063796997,3.700672626495361,3.2824954986572266,Rotated 45°,-0.3950960636138916,-0.4181771278381343
rotated45_recursive__v2020__B4,2.57930588722229,2.433061361312866,2.383413791656494,2.2138051986694336,Rotated 45°,-0.14624452590942383,-0.16960859298706055
y_equal_count_stripes__v2010__B1,2.4672482013702397,2.4493184089660645,1.9127171039581297,1.983689308166504,Y-stripes,-0.01792979240417525,0.07097220420837425
y_equal_count_stripes__v2010__B2,2.052541494369507,2.0443482398986816,1.51728355884552,1.5195101499557495,Y-stripes,-0.008193254470825195,0.002226591110229492
y_equal_count_stripes__v2010__B3,2.2236597537994385,2.1237404346466064,1.7041577100753784,1.650667667388916,Y-stripes,-0.09991931915283203,-0.0534900426864624
y_equal_count_stripes__v2010__B4,2.458669185638428,2.426783561706543,1.9807379245758057,1.9435722827911377,Y-stripes,-0.03188562393188521,-0.03716564178466797
y_equal_count_stripes__v2020__B1,3.267485857009888,2.391141653060913,2.896045446395874,2.0025722980499268,Y-stripes,-0.876344203948975,-0.8934731483459473
y_equal_count_stripes__v2020__B2,2.9511168003082275,2.605231523513794,2.5706822872161865,2.2290847301483154,Y-stripes,-0.3458852767944336,-0.3415975570678711
y_equal_count_stripes__v2020__B3,3.349721193313598,3.0118167400360107,3.080417394638061,2.7054219245910645,Y-stripes,-0.33790445327758745,-0.3749954700469966
y_equal_count_stripes__v2020__B4,2.6632258892059326,2.584379196166992,2.447770118713379,2.3479177951812744,Y-stripes,-0.07884669303894043,-0.09985232353210449
