model,metric,median,q025,q975,n_fold_units
GWR,r2,0.708723415253,0.6949360832452,0.72914210971195,15
GTWR,r2,0.725975797035,0.7136120414413,0.7438205485489501,15
GNNWR,r2,0.704605983267,0.6859735463647,0.74216410339355,15
GTNNWR,r2,0.798261190744,0.73642326964495,0.8433215060982,15
GTGNNWR,r2,0.80804842984,0.73619269339295,0.85035864321295,15
MM-GTGNNWR,r2,0.838381103309,0.76436267419495,0.8623167443413,15
GWR,beta_rmse_mean,0.690233127907,0.648177948011,0.72084877060185,15
GTWR,beta_rmse_mean,0.651730816323,0.60414681746265,0.68497055459055,15
GNNWR,beta_rmse_mean,0.63312040116,0.61702876682025,0.6885462670226,15
GTNNWR,beta_rmse_mean,0.5833205499,0.49684833843855003,0.62719828431155,15
GTGNNWR,beta_rmse_mean,0.56642635317,0.508351948397,0.62182290305265,15
MM-GTGNNWR,beta_rmse_mean,0.667493771703,0.57838724508685,0.8538200708104,15
