dataset_seed,fold,model,n_train,n_validation,n_test,runtime_seconds,neighbors,tau,r2,rmse,mae,beta0_rmse,beta1_rmse,beta2_rmse,beta_rmse_mean,surface_type,n_refit,ridge_alpha,spline_alpha,gtwr_neighbors,gtwr_tau,gtwr_weight,graph_weight,graph_selected_epoch,refit_reference_count
8,1,GTWR,819,410,2867,0.883953299955,64,0.25,0.727892928222,0.722232737812,0.583133355648,0.641779352604,0.547314292322,0.588750613194,0.593874553685,,,,,,,,,,
8,1,GTNNWR,819,410,2867,7.7648066,,,0.825821212411,0.577836388792,0.434049442657,0.599193209145,0.512409299457,0.639624155038,0.586149824921,,,,,,,,,,
8,1,GTCNNWR,819,410,2867,5.87350609998,,,0.724020674312,0.727353496176,0.604729233177,0.710099063999,0.494764216986,0.516100893324,0.581776716387,,,,,,,,,,
8,2,GTWR,819,410,2867,0.0636604999891,64,0.25,0.72326207862,0.728352463366,0.593649059815,0.723899678573,0.653986698857,0.615240971537,0.665895587405,,,,,,,,,,
8,2,GTNNWR,819,410,2867,4.42266719998,,,0.807627934063,0.607265013345,0.470724315204,0.643255435663,0.545148033797,0.616585424665,0.603086925789,,,,,,,,,,
8,2,GTCNNWR,819,410,2867,4.60502110003,,,0.725301630984,0.72566352908,0.605597669082,0.694765476832,0.485937479521,0.406036970038,0.542740061428,,,,,,,,,,
8,3,GTWR,820,409,2867,0.0576419999707,64,0.25,0.716588447252,0.737082382321,0.59622635986,0.721165741103,0.60183684358,0.630999110515,0.653311434132,,,,,,,,,,
8,3,GTNNWR,820,409,2867,4.26964810002,,,0.732938379069,0.715505532868,0.59481826361,0.688199249829,0.505893713502,0.4478160576,0.556802142677,,,,,,,,,,
8,3,GTCNNWR,820,409,2867,3.51136630005,,,0.723075409329,0.728598071408,0.608119920181,0.701269644173,0.470591606952,0.408699864808,0.541685995717,,,,,,,,,,
28,1,GTWR,819,410,2867,0.0529030999751,64,0.25,0.725975797035,0.745667247775,0.613199579743,0.747100716229,0.524936079141,0.657158103201,0.649506002019,,,,,,,,,,
28,1,GTNNWR,819,410,2867,2.66541859997,,,0.742895209286,0.7222801686,0.599706148754,0.686204375398,0.395149505878,0.565842291823,0.561900666199,,,,,,,,,,
28,1,GTCNNWR,819,410,2867,2.93406449998,,,0.702033353062,0.777560934636,0.652432492873,0.723040220506,0.60355206041,0.430389567577,0.597856568633,,,,,,,,,,
28,2,GTWR,819,410,2867,0.0613259999664,64,0.25,0.737378094323,0.729988604175,0.597732701906,0.730090479694,0.610373486796,0.584274021109,0.644712864683,,,,,,,,,,
28,2,GTNNWR,819,410,2867,4.32873929996,,,0.82983449176,0.587606205825,0.44601431436,0.622686970926,0.561511954673,0.642927911527,0.610024873379,,,,,,,,,,
28,2,GTCNNWR,819,410,2867,4.5106637,,,0.725695880334,0.746048001441,0.622120770256,0.714803252295,0.569694880009,0.488288208715,0.598309095304,,,,,,,,,,
28,3,GTWR,820,409,2867,0.0580163000268,64,0.25,0.719938910426,0.753836207599,0.619604453439,0.732456912962,0.590198828454,0.667612398243,0.665966490834,,,,,,,,,,
28,3,GTNNWR,820,409,2867,4.25164550002,,,0.780401087876,0.667522176378,0.538194284625,0.646551902984,0.498796134353,0.528326617754,0.561532415783,,,,,,,,,,
28,3,GTCNNWR,820,409,2867,5.11074590002,,,0.725266993571,0.746631013353,0.623231463933,0.696318452546,0.502181154275,0.487281371206,0.569938135178,,,,,,,,,,
5,1,GTWR,819,410,2867,0.0584368999698,64,0.25,0.727609281456,0.738391938317,0.601157837408,0.682939810728,0.605661541769,0.664098247686,0.651730816323,,,,,,,,,,
5,1,GTNNWR,819,410,2867,2.70043680002,,,0.750970642369,0.706018478582,0.573197937025,0.674297565476,0.531835636131,0.532223863747,0.5833205499,,,,,,,,,,
5,1,GTCNNWR,819,410,2867,4.19105939998,,,0.719525609334,0.749268371626,0.625624312912,0.697144356506,0.540388119404,0.526466792681,0.5930702199,,,,,,,,,,
5,2,GTWR,819,410,2867,0.0484303999692,64,0.25,0.7279116838,0.737981951036,0.60073554428,0.721023551036,0.576471170531,0.757480762994,0.689437228931,,,,,,,,,,
5,2,GTNNWR,819,410,2867,3.91963299998,,,0.798261190744,0.635456052213,0.480934149045,0.625217954545,0.549109342116,0.689583445939,0.623950823168,,,,,,,,,,
5,2,GTCNNWR,819,410,2867,4.6873774,,,0.738238036314,0.723842474879,0.6001169951,0.708756921851,0.407314683844,0.547389713145,0.56800150352,,,,,,,,,,
5,3,GTWR,820,409,2867,0.0627286000527,64,0.25,0.721066237115,0.747207696463,0.608590232943,0.700762886675,0.592030424066,0.729451676016,0.676675302244,,,,,,,,,,
5,3,GTNNWR,820,409,2867,4.14918170002,,,0.785175933672,0.655740881666,0.510169101655,0.655700639422,0.494674125579,0.715595454877,0.628946917235,,,,,,,,,,
5,3,GTCNNWR,820,409,2867,3.80541140004,,,0.722699496669,0.745016897122,0.621414650281,0.701560050516,0.484745887344,0.539997660041,0.582741381354,,,,,,,,,,
147,1,GTWR,819,410,2867,0.0521656000055,64,0.25,0.720211079819,0.737363457047,0.601391899592,0.681387544055,0.642873539754,0.561474725318,0.630563039535,,,,,,,,,,
147,1,GTNNWR,819,410,2867,4.14494960004,,,0.825750684343,0.58190474039,0.435961176581,0.555142794944,0.543601188155,0.506083858575,0.53535242176,,,,,,,,,,
147,1,GTCNNWR,819,410,2867,2.17201839999,,,0.678580921697,0.790318558401,0.658153141197,0.710000272033,0.628190342993,0.352822120815,0.584011113551,,,,,,,,,,
147,2,GTWR,819,410,2867,0.0565176000237,64,0.25,0.712288566359,0.747730188655,0.608121175114,0.702812272892,0.634143189325,0.632903151695,0.657431637744,,,,,,,,,,
147,2,GTNNWR,819,410,2867,4.34295180003,,,0.809250695761,0.608832511808,0.46813187961,0.597325629485,0.51841871154,0.443097629225,0.523415506438,,,,,,,,,,
147,2,GTCNNWR,819,410,2867,4.49360330001,,,0.735085991033,0.717494897654,0.590828106542,0.691499964823,0.444126666347,0.430536067934,0.535655985032,,,,,,,,,,
147,3,GTWR,820,409,2867,0.0548874000087,64,0.25,0.716069923737,0.742800271991,0.605722090079,0.66424652227,0.597539764421,0.61061015286,0.624799160047,,,,,,,,,,
147,3,GTNNWR,820,409,2867,3.66587009997,,,0.782632170665,0.649926116297,0.485903074542,0.587218798195,0.526517782986,0.652499135322,0.59098844161,,,,,,,,,,
147,3,GTCNNWR,820,409,2867,4.05179210001,,,0.71622615875,0.742595877689,0.617996524547,0.694269703407,0.504328407398,0.396642546467,0.545796932093,,,,,,,,,,
91,1,GTWR,819,410,2867,0.0615683000069,64,0.25,0.745894512365,0.712707670494,0.58254215822,0.704393253077,0.59372008762,0.562628306932,0.623223878764,,,,,,,,,,
91,1,GTNNWR,819,410,2867,4.52718169999,,,0.850583744588,0.546516571168,0.413283491041,0.539677802941,0.44800759783,0.454510867809,0.482542940285,,,,,,,,,,
91,1,GTCNNWR,819,410,2867,4.49744400004,,,0.749120013158,0.708169828835,0.589258525971,0.708100758571,0.442933947878,0.400413362532,0.534767247615,,,,,,,,,,
91,2,GTWR,819,410,2867,0.0600574999698,64,0.25,0.735842155944,0.726668218834,0.589806566774,0.732759611443,0.605803786431,0.631834860319,0.659077680432,,,,,,,,,,
91,2,GTNNWR,819,410,2867,4.61821410002,,,0.773254560234,0.673245860111,0.537328244078,0.666396199708,0.485314316426,0.620467450959,0.595705111167,,,,,,,,,,
91,2,GTCNNWR,819,410,2867,3.86499480001,,,0.743332319471,0.716291840193,0.597022016599,0.713463312069,0.430244779993,0.402075512697,0.534105228798,,,,,,,,,,
91,3,GTWR,820,409,2867,0.064278899983,64,0.25,0.739968901462,0.720969771508,0.591139532724,0.749899322257,0.523897428744,0.621951433662,0.638655122164,,,,,,,,,,
91,3,GTNNWR,820,409,2867,3.9772729,,,0.818243149688,0.602767467962,0.456027360398,0.616896505182,0.502397044169,0.52949877709,0.551764757554,,,,,,,,,,
91,3,GTCNNWR,820,409,2867,3.82529910002,,,0.699979962185,0.774425315872,0.638473932595,0.715090818757,0.648353133452,0.355035485397,0.59379201202,,,,,,,,,,
8,1,GTGNNWR,819,410,2867,8.234084,,,0.80804842984,0.60660095626,0.47005354836,0.628942259298,0.617607508327,0.593088697512,0.613395359995,,,,,,,,,,
8,2,GTGNNWR,819,410,2867,5.80971860001,,,0.802174392889,0.615812513594,0.481886925794,0.639725117588,0.536018067999,0.508636730502,0.564291567339,,,,,,,,,,
8,3,GTGNNWR,820,409,2867,5.99044740002,,,0.815902167351,0.594061755052,0.450622513853,0.600032267692,0.555630537356,0.527792802925,0.561939871971,,,,,,,,,,
28,1,GTGNNWR,819,410,2867,6.13705239998,,,0.783140294352,0.663345883187,0.528711720489,0.662353557315,0.467354850387,0.562712984076,0.569730548451,,,,,,,,,,
28,2,GTGNNWR,819,410,2867,6.38654539996,,,0.826475965561,0.593376611866,0.449147665153,0.613386134539,0.521517049069,0.714332829984,0.621421481902,,,,,,,,,,
28,3,GTGNNWR,820,409,2867,3.18791590002,,,0.743659359923,0.721206012099,0.597901198575,0.685572445746,0.472726103094,0.518687664963,0.56642635317,,,,,,,,,,
5,1,GTGNNWR,819,410,2867,2.45506429998,,,0.732172180646,0.732181306252,0.605180301804,0.68671915775,0.580374449823,0.504605398735,0.595271454061,,,,,,,,,,
5,2,GTGNNWR,819,410,2867,6.1098186,,,0.819516395447,0.601048713321,0.453077397038,0.610201803333,0.509981434318,0.726890944963,0.622039052903,,,,,,,,,,
5,3,GTGNNWR,820,409,2867,5.40873129998,,,0.799197443812,0.633979788021,0.495495492259,0.610379225204,0.565700084276,0.667883463326,0.616075672975,,,,,,,,,,
147,1,GTGNNWR,819,410,2867,5.8134407,,,0.816693005784,0.596837183988,0.454027710586,0.5645841057,0.544268828502,0.471801022197,0.52838747608,,,,,,,,,,
147,2,GTGNNWR,819,410,2867,6.01865490002,,,0.8178287399,0.594985368203,0.45391953862,0.577629288303,0.511336887556,0.46600152446,0.520345535223,,,,,,,,,,
147,3,GTGNNWR,820,409,2867,6.1085264,,,0.800541515832,0.622576339483,0.463833005674,0.595291182632,0.530798817478,0.500787906536,0.543724042779,,,,,,,,,,
91,1,GTGNNWR,819,410,2867,6.12738359999,,,0.863218546564,0.522899248836,0.390218009103,0.520294740713,0.45116363537,0.530506462362,0.501893863183,,,,,,,,,,
91,2,GTGNNWR,819,410,2867,6.00738820003,,,0.768282184491,0.680587743313,0.548256983533,0.679513576638,0.468731017401,0.576616346623,0.581358718492,,,,,,,,,,
91,3,GTGNNWR,820,409,2867,4.50645689998,,,0.810675434682,0.615188056091,0.471096909164,0.61624297091,0.441498890479,0.512336626722,0.528256720598,,,,,,,,,,
8,1,GWR,819,410,2867,0.788757100003,64,,0.713852772787,0.740631240562,0.584043038743,0.637535375508,0.688589774978,0.612551800813,0.646999985036,,,,,,,,,,
8,1,GNNWR,819,410,2867,6.19291569997,,,0.705033438008,0.751958112786,0.600511499043,0.679847133381,0.645439171597,0.593477502293,0.640572502981,,,,,,,,,,
8,2,GWR,819,410,2867,0.0255580999656,64,,0.705799780296,0.75098065949,0.59086350581,0.679779989142,0.710441894514,0.62783319888,0.67354857403,,,,,,,,,,
8,2,GNNWR,819,410,2867,3.76352869999,,,0.738580366388,0.707907244743,0.55810230336,0.640512310822,0.649421566313,0.548075644802,0.614380800354,,,,,,,,,,
8,3,GWR,820,409,2867,0.0242920999881,64,,0.705127954227,0.751837628058,0.593412279726,0.685899667348,0.754622786501,0.646419858631,0.697082619974,,,,,,,,,,
8,3,GNNWR,820,409,2867,1.26184360002,,,0.687825697966,0.773581064747,0.627605771937,0.694312069549,0.662719376903,0.497872790443,0.624271185172,,,,,,,,,,
28,1,GWR,819,410,2867,0.030002399988,64,,0.708723415253,0.768782330602,0.617242712131,0.709409422412,0.707243436154,0.651300180086,0.68984223587,,,,,,,,,,
28,1,GNNWR,819,410,2867,1.21885300003,,,0.691492719084,0.791194601371,0.645791233231,0.695847479779,0.608935695316,0.567017080283,0.626236048541,,,,,,,,,,
28,2,GWR,819,410,2867,0.0243456999888,64,,0.715099340427,0.760321608767,0.610074855689,0.712509982722,0.743393359179,0.592684949585,0.685949369224,,,,,,,,,,
28,2,GNNWR,819,410,2867,2.48679530004,,,0.69903860523,0.781458648027,0.634900108091,0.691823586301,0.675631994925,0.556986700839,0.644290993273,,,,,,,,,,
28,3,GWR,820,409,2867,0.0300017000409,64,,0.706115708359,0.772215994806,0.619324442066,0.704994050537,0.752263490841,0.656789577366,0.705759524645,,,,,,,,,,
28,3,GNNWR,820,409,2867,1.50682760001,,,0.690046274216,0.793047201239,0.646464029286,0.68527465237,0.652408609801,0.536476290939,0.627971643219,,,,,,,,,,
5,1,GWR,819,410,2867,0.0285642999806,64,,0.717233361572,0.752323933699,0.594794918915,0.619724277598,0.749848195966,0.642594000322,0.673116519504,,,,,,,,,,
5,1,GNNWR,819,410,2867,3.7938097,,,0.735347296979,0.727828337946,0.569264011223,0.624333757038,0.726455985746,0.544499531743,0.636136955766,,,,,,,,,,
5,2,GWR,819,410,2867,0.0248858999694,64,,0.712402914734,0.758722623383,0.599423749671,0.668989270457,0.727341647325,0.767447230519,0.722391345359,,,,,,,,,,
5,2,GNNWR,819,410,2867,3.69751119998,,,0.736938224914,0.725637414049,0.567949945798,0.664221281652,0.645798151086,0.780470512832,0.699375765557,,,,,,,,,,
5,3,GWR,820,409,2867,0.021968999994,64,,0.701707884388,0.772701367733,0.608862086564,0.635441171419,0.757164319702,0.754599056208,0.71798398891,,,,,,,,,,
5,3,GNNWR,820,409,2867,3.57980850001,,,0.699154372104,0.77600165234,0.616294663586,0.665326047271,0.691595294539,0.647650063517,0.668434341173,,,,,,,,,,
147,1,GWR,819,410,2867,0.0308747999952,64,,0.699441594239,0.764241810826,0.607611656487,0.678124067969,0.804566302756,0.599668768399,0.699233346574,,,,,,,,,,
147,1,GNNWR,819,410,2867,3.61369499995,,,0.684976233964,0.782416524487,0.623344288169,0.66831214477,0.730780282782,0.552408113515,0.654684572505,,,,,,,,,,
147,2,GWR,819,410,2867,0.0240012999857,64,,0.69848701322,0.765454474287,0.608004928271,0.671778583646,0.741490358988,0.638700226676,0.685330187446,,,,,,,,,,
147,2,GNNWR,819,410,2867,3.7196824,,,0.744093807935,0.70519098507,0.546875210269,0.629888920626,0.658433321273,0.574593380393,0.621946418829,,,,,,,,,,
147,3,GWR,820,409,2867,0.0242285999702,64,,0.693024044028,0.772357796403,0.614136381201,0.650275594878,0.78092813326,0.654369552369,0.697831548364,,,,,,,,,,
147,3,GNNWR,820,409,2867,3.7736822,,,0.731072821909,0.722909117024,0.560085717925,0.621684668119,0.719444510979,0.60122523688,0.649503404254,,,,,,,,,,
91,1,GWR,819,410,2867,0.0300888000056,64,,0.733306054533,0.73014814977,0.580442205467,0.66262603082,0.709227454266,0.571707422692,0.650365593536,,,,,,,,,,
91,1,GNNWR,819,410,2867,2.6186785,,,0.704605983267,0.768431674454,0.621067038765,0.689989772191,0.641677652459,0.560970793983,0.63312040116,,,,,,,,,,
91,2,GWR,819,410,2867,0.0273759999545,64,,0.72140906933,0.746256106509,0.590615005518,0.686546415198,0.747887630081,0.634177211983,0.691101204274,,,,,,,,,,
91,2,GNNWR,819,410,2867,3.68441300001,,,0.733194771481,0.730300467889,0.573430418835,0.665631449465,0.637055288532,0.588612316035,0.631234009897,,,,,,,,,,
91,3,GWR,820,409,2867,0.0262007000274,64,,0.718565669806,0.75005471811,0.595946238163,0.707377497434,0.704835506936,0.657334995923,0.690233127907,,,,,,,,,,
91,3,GNNWR,820,409,2867,2.80933860003,,,0.701580818288,0.772356451249,0.625888612673,0.698586182165,0.62890728572,0.555402082161,0.63034871323,,,,,,,,,,
8,1,MM-GTGNNWR,819,410,2867,9.6792601,,,0.829935680164,0.570970748434,0.449579215793,0.769116879927,0.68747571778,0.707265230778,0.722123660738,local_tangent_functional_surface,1229,0.01,1,64,0.25,0.5,0.5,149,128
8,2,MM-GTGNNWR,819,410,2867,10.8699078,,,0.851607174692,0.533351729747,0.415454996356,0.771967748225,0.693626394005,0.685545485482,0.718105004259,local_tangent_functional_surface,1229,10,10,64,0.25,0.5,0.5,220,128
8,3,MM-GTGNNWR,820,409,2867,10.6735058,,,0.855085281933,0.527064182744,0.412278118132,0.906049933401,0.848544529629,0.926161230506,0.894190308878,local_tangent_functional_surface,1229,0.01,0.01,64,0.25,0.5,0.5,207,128
28,1,MM-GTGNNWR,819,410,2867,10.7999175,,,0.853970557227,0.544340716012,0.425839023884,0.700425511371,0.584007049933,0.701430686121,0.664245220478,local_tangent_functional_surface,1229,0.01,1,64,0.25,0.5,0.5,219,128
28,2,MM-GTGNNWR,819,410,2867,10.6527006,,,0.853495247082,0.545225881588,0.426250256536,0.581867319648,0.535053370074,0.589799249903,0.5694192485,local_tangent_functional_surface,1229,0.01,0.01,64,0.25,0.5,0.5,218,128
28,3,MM-GTGNNWR,820,409,2867,4.376576,,,0.780115173969,0.667956586069,0.536236324542,0.713313754249,0.499770326215,0.654132549358,0.628881621901,local_tangent_functional_surface,1229,1,1,64,0.25,0.75,0.5,74,128
5,1,MM-GTGNNWR,819,410,2867,3.5194282,,,0.755880558932,0.699023823563,0.565770647306,0.704299707517,0.591947521159,0.700145599123,0.667493771703,local_tangent_functional_surface,1229,0.01,0.1,64,0.25,0.75,0.5,54,128
5,2,MM-GTGNNWR,819,410,2867,10.7651998,,,0.838378041702,0.568775624698,0.438494981761,0.704367429172,0.758195564715,0.865339754659,0.778846771542,local_tangent_functional_surface,1229,1,0.01,64,0.25,0.5,0.5,215,128
5,3,MM-GTGNNWR,820,409,2867,8.8900417,,,0.819689256701,0.600760812035,0.469684952311,0.813653593494,0.649822810111,0.771840973815,0.748340462536,local_tangent_functional_surface,1229,10,10,64,0.25,0.5,0.5,166,128
147,1,MM-GTGNNWR,819,410,2867,9.6365703,,,0.845185626742,0.548494142519,0.425759987009,0.575203799688,0.673594763519,0.639986372692,0.630917816584,local_tangent_functional_surface,1229,0.01,0.01,64,0.25,0.5,0.5,181,128
147,2,MM-GTGNNWR,819,410,2867,11.1102978,,,0.838381103309,0.560418448415,0.436895938582,0.64023685461,0.673159705112,0.680436325454,0.664841036536,local_tangent_functional_surface,1229,1,10,64,0.25,0.5,0.5,220,128
147,3,MM-GTGNNWR,820,409,2867,10.3108545,,,0.845477760982,0.547976394789,0.424538531188,0.562558772058,0.6117695214,0.609500589263,0.595042095891,local_tangent_functional_surface,1229,0.01,0.1,64,0.25,0.5,0.5,198,128
91,1,MM-GTGNNWR,819,410,2867,10.5165296,,,0.866210608715,0.517148476651,0.402663623807,0.677501893265,0.588866524328,0.632020777429,0.633830382661,local_tangent_functional_surface,1229,1,1,64,0.25,0.5,0.5,211,128
91,2,MM-GTGNNWR,819,410,2867,10.7792417,,,0.816601881924,0.60548285251,0.481040262272,0.843278275317,0.698575442908,0.738332722946,0.762509258704,local_tangent_functional_surface,1229,0.01,0.01,64,0.25,0.5,0.5,209,128
91,3,MM-GTGNNWR,820,409,2867,7.0017649,,,0.831079684153,0.581092611163,0.461097496605,0.827290783128,0.634970864192,0.738493204097,0.737782770811,local_tangent_functional_surface,1229,1,0.01,64,0.25,0.5,0.5,127,128
