scheme,feature,median_local_coefficient,label,group,scheme_sign_agreement,pooled_field_median,deviation_from_pooled_field_median
AR·10,o_d1_composite_z,-0.00068050716,Green,Objective conditions,0.75,0.010850915685296059,-0.011531422846019268
AR·20,o_d1_composite_z,0.075247705,Green,Objective conditions,0.75,0.010850915685296059,0.06439678929746151
PC·10,o_d1_composite_z,0.11270627,Green,Objective conditions,0.75,0.010850915685296059,0.10185535065829754
PC·20,o_d1_composite_z,0.086851545,Green,Objective conditions,0.75,0.010850915685296059,0.07600062899291515
R45·10,o_d1_composite_z,-0.020090546,Green,Objective conditions,0.75,0.010850915685296059,-0.030941462144255638
R45·20,o_d1_composite_z,0.010742476,Green,Objective conditions,0.75,0.010850915685296059,-0.00010843947529792786
EQ·10,o_d1_composite_z,0.017650675,Green,Objective conditions,0.75,0.010850915685296059,0.006799759343266487
EQ·20,o_d1_composite_z,0.08891837,Green,Objective conditions,0.75,0.010850915685296059,0.07806745730340481
AR·10,o_d2_composite_z,0.1492216,Density,Objective conditions,0.875,-0.0036267575342208147,0.15284835663624108
AR·20,o_d2_composite_z,-0.008557242,Density,Objective conditions,0.875,-0.0036267575342208147,-0.0049304848071187735
PC·10,o_d2_composite_z,-0.08249162,Density,Objective conditions,0.875,-0.0036267575342208147,-0.07886486384086311
PC·20,o_d2_composite_z,-0.0070521613,Density,Objective conditions,0.875,-0.0036267575342208147,-0.003425403730943799
R45·10,o_d2_composite_z,-0.04845804,Density,Objective conditions,0.875,-0.0036267575342208147,-0.044831282226368785
R45·20,o_d2_composite_z,-0.024984056,Density,Objective conditions,0.875,-0.0036267575342208147,-0.021357298595830798
EQ·10,o_d2_composite_z,-0.05131319,Density,Objective conditions,0.875,-0.0036267575342208147,-0.04768643411807716
EQ·20,o_d2_composite_z,-0.0745199,Density,Objective conditions,0.875,-0.0036267575342208147,-0.07089314493350685
AR·10,o_d3_composite_z,0.06361503,Access,Objective conditions,0.875,0.06833154708147049,-0.00471651554107666
AR·20,o_d3_composite_z,0.034781106,Access,Objective conditions,0.875,0.06833154708147049,-0.0335504412651062
PC·10,o_d3_composite_z,0.062135153,Access,Objective conditions,0.875,0.06833154708147049,-0.0061963945627212524
PC·20,o_d3_composite_z,-0.019421328,Access,Objective conditions,0.875,0.06833154708147049,-0.08775287494063377
R45·10,o_d3_composite_z,0.090459675,Access,Objective conditions,0.875,0.06833154708147049,0.02212812751531601
R45·20,o_d3_composite_z,0.010433469,Access,Objective conditions,0.875,0.06833154708147049,-0.05789807811379433
EQ·10,o_d3_composite_z,0.088820495,Access,Objective conditions,0.875,0.06833154708147049,0.02048894762992859
EQ·20,o_d3_composite_z,0.041841794,Access,Objective conditions,0.875,0.06833154708147049,-0.026489753276109695
AR·10,o_d4_composite_z,0.27129787,Safety,Objective conditions,1.0,0.2212696671485901,0.050028204917907715
AR·20,o_d4_composite_z,0.1446619,Safety,Objective conditions,1.0,0.2212696671485901,-0.07660776376724243
PC·10,o_d4_composite_z,0.23902525,Safety,Objective conditions,1.0,0.2212696671485901,0.017755582928657532
PC·20,o_d4_composite_z,0.08727214,Safety,Objective conditions,1.0,0.2212696671485901,-0.13399752974510193
R45·10,o_d4_composite_z,0.24834277,Safety,Objective conditions,1.0,0.2212696671485901,0.027073100209236145
R45·20,o_d4_composite_z,0.1275424,Safety,Objective conditions,1.0,0.2212696671485901,-0.09372726082801819
EQ·10,o_d4_composite_z,0.2913307,Safety,Objective conditions,1.0,0.2212696671485901,0.07006102800369263
EQ·20,o_d4_composite_z,0.07555637,Safety,Objective conditions,1.0,0.2212696671485901,-0.14571329951286316
AR·10,o_d5_composite_z,0.0813854,Clean,Objective conditions,0.5,0.040151894092559814,0.041233502328395844
AR·20,o_d5_composite_z,-0.012144787,Clean,Objective conditions,0.5,0.040151894092559814,-0.052296681329607964
PC·10,o_d5_composite_z,0.041736644,Clean,Objective conditions,0.5,0.040151894092559814,0.0015847496688365936
PC·20,o_d5_composite_z,-0.026744327,Clean,Objective conditions,0.5,0.040151894092559814,-0.06689622066915035
R45·10,o_d5_composite_z,0.04040368,Clean,Objective conditions,0.5,0.040151894092559814,0.00025178492069244385
R45·20,o_d5_composite_z,-0.027783338,Clean,Objective conditions,0.5,0.040151894092559814,-0.06793523207306862
EQ·10,o_d5_composite_z,0.22412595,Clean,Objective conditions,0.5,0.040151894092559814,0.18397405743598938
EQ·20,o_d5_composite_z,-0.026112458,Clean,Objective conditions,0.5,0.040151894092559814,-0.06626435182988644
AR·10,o_d6_composite_z,0.0012591311,Vitality,Objective conditions,0.5,0.008468834683299065,-0.007209703559055924
AR·20,o_d6_composite_z,-0.031959087,Vitality,Objective conditions,0.5,0.008468834683299065,-0.0404279213398695
PC·10,o_d6_composite_z,0.034094542,Vitality,Objective conditions,0.5,0.008468834683299065,0.02562570758163929
PC·20,o_d6_composite_z,-0.0040745568,Vitality,Objective conditions,0.5,0.008468834683299065,-0.012543391436338425
R45·10,o_d6_composite_z,0.01453243,Vitality,Objective conditions,0.5,0.008468834683299065,0.006063595414161682
R45·20,o_d6_composite_z,-0.028349238,Vitality,Objective conditions,0.5,0.008468834683299065,-0.03681807219982147
EQ·10,o_d6_composite_z,0.012008794,Vitality,Objective conditions,0.5,0.008468834683299065,0.003539958968758583
EQ·20,o_d6_composite_z,-0.03330072,Vitality,Objective conditions,0.5,0.008468834683299065,-0.04176955483853817
AR·10,o_d7_composite_z,0.060614735,Heat,Objective conditions,0.375,0.03174793720245361,0.02886679768562317
AR·20,o_d7_composite_z,-0.056335248,Heat,Objective conditions,0.375,0.03174793720245361,-0.0880831852555275
PC·10,o_d7_composite_z,-0.4142113,Heat,Objective conditions,0.375,0.03174793720245361,-0.4459592401981354
PC·20,o_d7_composite_z,-0.099536635,Heat,Objective conditions,0.375,0.03174793720245361,-0.13128457218408585
R45·10,o_d7_composite_z,-0.042591352,Heat,Objective conditions,0.375,0.03174793720245361,-0.07433928921818733
R45·20,o_d7_composite_z,-0.004464481,Heat,Objective conditions,0.375,0.03174793720245361,-0.03621241822838783
EQ·10,o_d7_composite_z,0.070044644,Heat,Objective conditions,0.375,0.03174793720245361,0.03829670697450638
EQ·20,o_d7_composite_z,0.02179006,Heat,Objective conditions,0.375,0.03174793720245361,-0.009957877919077873
AR·10,o_d8_composite_z,-0.033852406,Air,Objective conditions,0.75,0.004609651863574982,-0.03846205770969391
AR·20,o_d8_composite_z,0.1154113,Air,Objective conditions,0.75,0.004609651863574982,0.11080164462327957
PC·10,o_d8_composite_z,-0.0072567305,Air,Objective conditions,0.75,0.004609651863574982,-0.011866382323205471
PC·20,o_d8_composite_z,0.12539728,Air,Objective conditions,0.75,0.004609651863574982,0.12078762799501419
R45·10,o_d8_composite_z,0.006820187,Air,Objective conditions,0.75,0.004609651863574982,0.0022105351090431213
R45·20,o_d8_composite_z,0.08614413,Air,Objective conditions,0.75,0.004609651863574982,0.0815344750881195
EQ·10,o_d8_composite_z,0.26807654,Air,Objective conditions,0.75,0.004609651863574982,0.26346688717603683
EQ·20,o_d8_composite_z,0.03248439,Air,Objective conditions,0.75,0.004609651863574982,0.027874737977981567
AR·10,o_d9_composite_z,-0.016691014,Noise,Objective conditions,0.5,-0.029934871941804886,0.013243857771158218
AR·20,o_d9_composite_z,0.007242348,Noise,Objective conditions,0.5,-0.029934871941804886,0.03717721998691559
PC·10,o_d9_composite_z,-0.0009581866,Noise,Objective conditions,0.5,-0.029934871941804886,0.028976685367524624
PC·20,o_d9_composite_z,0.021924406,Noise,Objective conditions,0.5,-0.029934871941804886,0.05185927823185921
R45·10,o_d9_composite_z,-0.11703051,Noise,Objective conditions,0.5,-0.029934871941804886,-0.08709563687443733
R45·20,o_d9_composite_z,0.03233633,Noise,Objective conditions,0.5,-0.029934871941804886,0.062271200120449066
EQ·10,o_d9_composite_z,-0.06205247,Noise,Objective conditions,0.5,-0.029934871941804886,-0.03211759775876999
EQ·20,o_d9_composite_z,0.04590916,Noise,Objective conditions,0.5,-0.029934871941804886,0.07584403082728386
AR·10,o_d10_composite_z,0.051697,Traffic,Objective conditions,0.875,0.06371521949768066,-0.012018218636512756
AR·20,o_d10_composite_z,0.06832607,Traffic,Objective conditions,0.875,0.06371521949768066,0.004610851407051086
PC·10,o_d10_composite_z,-0.019979483,Traffic,Objective conditions,0.875,0.06371521949768066,-0.08369470201432705
PC·20,o_d10_composite_z,0.0249211,Traffic,Objective conditions,0.875,0.06371521949768066,-0.03879411891102791
R45·10,o_d10_composite_z,0.13873722,Traffic,Objective conditions,0.875,0.06371521949768066,0.07502199709415436
R45·20,o_d10_composite_z,0.030051887,Traffic,Objective conditions,0.875,0.06371521949768066,-0.03366333246231079
EQ·10,o_d10_composite_z,0.12071803,Traffic,Objective conditions,0.875,0.06371521949768066,0.05700281262397766
EQ·20,o_d10_composite_z,0.026282998,Traffic,Objective conditions,0.875,0.06371521949768066,-0.037432221695780754
AR·10,s_d1_augmented_mm_z,0.03423339,Green,Platform expression,1.0,0.052234768867492676,-0.01800137758255005
AR·20,s_d1_augmented_mm_z,0.038612865,Green,Platform expression,1.0,0.052234768867492676,-0.013621903955936432
PC·10,s_d1_augmented_mm_z,0.10559125,Green,Platform expression,1.0,0.052234768867492676,0.053356483578681946
PC·20,s_d1_augmented_mm_z,0.024971204,Green,Platform expression,1.0,0.052234768867492676,-0.027263564988970757
R45·10,s_d1_augmented_mm_z,0.062624544,Green,Platform expression,1.0,0.052234768867492676,0.010389775037765503
R45·20,s_d1_augmented_mm_z,0.008926668,Green,Platform expression,1.0,0.052234768867492676,-0.043308100663125515
EQ·10,s_d1_augmented_mm_z,0.09718128,Green,Platform expression,1.0,0.052234768867492676,0.04494651407003403
EQ·20,s_d1_augmented_mm_z,0.014332187,Green,Platform expression,1.0,0.052234768867492676,-0.03790258150547743
AR·10,s_d2_augmented_mm_z,-0.05131215,Density,Platform expression,0.875,-0.04049987718462944,-0.010812271386384964
AR·20,s_d2_augmented_mm_z,-0.03838806,Density,Platform expression,0.875,-0.04049987718462944,0.002111818641424179
PC·10,s_d2_augmented_mm_z,0.09888684,Density,Platform expression,0.875,-0.04049987718462944,0.13938671723008156
PC·20,s_d2_augmented_mm_z,-0.015207199,Density,Platform expression,0.875,-0.04049987718462944,0.02529267780482769
R45·10,s_d2_augmented_mm_z,-0.051874056,Density,Platform expression,0.875,-0.04049987718462944,-0.011374179273843765
R45·20,s_d2_augmented_mm_z,-0.029020693,Density,Platform expression,0.875,-0.04049987718462944,0.011479184031486511
EQ·10,s_d2_augmented_mm_z,-0.19953685,Density,Platform expression,0.875,-0.04049987718462944,-0.15903696790337563
EQ·20,s_d2_augmented_mm_z,-0.04065653,Density,Platform expression,0.875,-0.04049987718462944,-0.00015665218234062195
AR·10,s_d3_augmented_mm_z,-0.00399133,Access,Platform expression,0.875,0.04584123194217682,-0.04983256198465824
AR·20,s_d3_augmented_mm_z,0.046279155,Access,Platform expression,0.875,0.04584123194217682,0.00043792277574539185
PC·10,s_d3_augmented_mm_z,0.06494367,Access,Platform expression,0.875,0.04584123194217682,0.019102439284324646
PC·20,s_d3_augmented_mm_z,0.044500507,Access,Platform expression,0.875,0.04584123194217682,-0.001340724527835846
R45·10,s_d3_augmented_mm_z,0.13003322,Access,Platform expression,0.875,0.04584123194217682,0.08419199287891388
R45·20,s_d3_augmented_mm_z,0.005002628,Access,Platform expression,0.875,0.04584123194217682,-0.04083860386162996
EQ·10,s_d3_augmented_mm_z,0.020823274,Access,Platform expression,0.875,0.04584123194217682,-0.025017958134412766
EQ·20,s_d3_augmented_mm_z,0.05183748,Access,Platform expression,0.875,0.04584123194217682,0.005996249616146088
AR·10,s_d4_augmented_mm_z,0.20823154,Safety,Platform expression,1.0,0.12506595253944397,0.08316558599472046
AR·20,s_d4_augmented_mm_z,0.036400914,Safety,Platform expression,1.0,0.12506595253944397,-0.08866503834724426
PC·10,s_d4_augmented_mm_z,0.18194515,Safety,Platform expression,1.0,0.12506595253944397,0.0568791925907135
PC·20,s_d4_augmented_mm_z,0.039786927,Safety,Platform expression,1.0,0.12506595253944397,-0.08527902513742447
R45·10,s_d4_augmented_mm_z,0.08285044,Safety,Platform expression,1.0,0.12506595253944397,-0.042215511202812195
R45·20,s_d4_augmented_mm_z,0.0145747755,Safety,Platform expression,1.0,0.12506595253944397,-0.1104911770671606
EQ·10,s_d4_augmented_mm_z,0.18406643,Safety,Platform expression,1.0,0.12506595253944397,0.05900047719478607
EQ·20,s_d4_augmented_mm_z,0.06912521,Safety,Platform expression,1.0,0.12506595253944397,-0.055940739810466766
AR·10,s_d5_augmented_mm_z,-0.022991955,Clean,Platform expression,0.625,-0.016079839318990707,-0.006912115961313248
AR·20,s_d5_augmented_mm_z,-0.0013388228,Clean,Platform expression,0.625,-0.016079839318990707,0.014741016551852226
PC·10,s_d5_augmented_mm_z,-0.010642366,Clean,Platform expression,0.625,-0.016079839318990707,0.005437473766505718
PC·20,s_d5_augmented_mm_z,0.0020102053,Clean,Platform expression,0.625,-0.016079839318990707,0.018090044613927603
R45·10,s_d5_augmented_mm_z,-0.011085441,Clean,Platform expression,0.625,-0.016079839318990707,0.004994397982954979
R45·20,s_d5_augmented_mm_z,0.021429662,Clean,Platform expression,0.625,-0.016079839318990707,0.0375095009803772
EQ·10,s_d5_augmented_mm_z,-0.16010532,Clean,Platform expression,0.625,-0.016079839318990707,-0.14402547851204872
EQ·20,s_d5_augmented_mm_z,0.019621737,Clean,Platform expression,0.625,-0.016079839318990707,0.03570157662034035
AR·10,s_d6_augmented_mm_z,-0.04648678,Vitality,Platform expression,0.75,-0.06154310330748558,0.015056323260068893
AR·20,s_d6_augmented_mm_z,-0.10040967,Vitality,Platform expression,0.75,-0.06154310330748558,-0.038866568356752396
PC·10,s_d6_augmented_mm_z,-0.071114406,Vitality,Platform expression,0.75,-0.06154310330748558,-0.009571302682161331
PC·20,s_d6_augmented_mm_z,0.0071715927,Vitality,Platform expression,0.75,-0.06154310330748558,0.06871469598263502
R45·10,s_d6_augmented_mm_z,-0.06519601,Vitality,Platform expression,0.75,-0.06154310330748558,-0.0036529041826725006
R45·20,s_d6_augmented_mm_z,0.015637906,Vitality,Platform expression,0.75,-0.06154310330748558,0.0771810095757246
EQ·10,s_d6_augmented_mm_z,-0.06349596,Vitality,Platform expression,0.75,-0.06154310330748558,-0.0019528530538082123
EQ·20,s_d6_augmented_mm_z,-0.009664852,Vitality,Platform expression,0.75,-0.06154310330748558,0.051878251135349274
AR·10,s_d7_augmented_mm_z,0.068782136,Heat,Platform expression,1.0,0.08248689770698547,-0.013704761862754822
AR·20,s_d7_augmented_mm_z,0.048654817,Heat,Platform expression,1.0,0.08248689770698547,-0.03383208066225052
PC·10,s_d7_augmented_mm_z,0.047798574,Heat,Platform expression,1.0,0.08248689770698547,-0.034688323736190796
PC·20,s_d7_augmented_mm_z,0.038960777,Heat,Platform expression,1.0,0.08248689770698547,-0.043526120483875275
R45·10,s_d7_augmented_mm_z,0.08964656,Heat,Platform expression,1.0,0.08248689770698547,0.00715966522693634
R45·20,s_d7_augmented_mm_z,0.029967714,Heat,Platform expression,1.0,0.08248689770698547,-0.05251918360590935
EQ·10,s_d7_augmented_mm_z,0.086342804,Heat,Platform expression,1.0,0.08248689770698547,0.0038559064269065857
EQ·20,s_d7_augmented_mm_z,0.052564666,Heat,Platform expression,1.0,0.08248689770698547,-0.029922232031822205
AR·10,s_d8_augmented_mm_z,0.013684262,Air,Platform expression,0.75,0.01382937841117382,-0.00014511682093143463
AR·20,s_d8_augmented_mm_z,0.06435718,Air,Platform expression,0.75,0.01382937841117382,0.050527798011898994
PC·10,s_d8_augmented_mm_z,-0.00941716,Air,Platform expression,0.75,0.01382937841117382,-0.02324653882533312
PC·20,s_d8_augmented_mm_z,0.038417526,Air,Platform expression,0.75,0.01382937841117382,0.024588147178292274
R45·10,s_d8_augmented_mm_z,0.016007164,Air,Platform expression,0.75,0.01382937841117382,0.0021777860820293427
R45·20,s_d8_augmented_mm_z,0.03992576,Air,Platform expression,0.75,0.01382937841117382,0.02609638310968876
EQ·10,s_d8_augmented_mm_z,-0.0060725813,Air,Platform expression,0.75,0.01382937841117382,-0.01990195969119668
EQ·20,s_d8_augmented_mm_z,0.07535222,Air,Platform expression,0.75,0.01382937841117382,0.061522843316197395
AR·10,s_d9_augmented_mm_z,-0.04473681,Noise,Platform expression,0.625,0.03854794800281525,-0.08328475803136826
AR·20,s_d9_augmented_mm_z,0.06981497,Noise,Platform expression,0.625,0.03854794800281525,0.03126702457666397
PC·10,s_d9_augmented_mm_z,-0.09602013,Noise,Platform expression,0.625,0.03854794800281525,-0.13456808030605316
PC·20,s_d9_augmented_mm_z,0.04700275,Noise,Platform expression,0.625,0.03854794800281525,0.008454803377389908
R45·10,s_d9_augmented_mm_z,0.11530288,Noise,Platform expression,0.625,0.03854794800281525,0.07675493508577347
R45·20,s_d9_augmented_mm_z,0.055322066,Noise,Platform expression,0.625,0.03854794800281525,0.016774117946624756
EQ·10,s_d9_augmented_mm_z,-0.0171194,Noise,Platform expression,0.625,0.03854794800281525,-0.05566734820604324
EQ·20,s_d9_augmented_mm_z,0.08067541,Noise,Platform expression,0.625,0.03854794800281525,0.04212746024131775
AR·10,s_d10_augmented_mm_z,-0.027558573,Traffic,Platform expression,0.75,-0.025003623217344284,-0.0025549493730068207
AR·20,s_d10_augmented_mm_z,-0.00640121,Traffic,Platform expression,0.75,-0.025003623217344284,0.01860241312533617
PC·10,s_d10_augmented_mm_z,-0.0014176236,Traffic,Platform expression,0.75,-0.025003623217344284,0.02358599961735308
PC·20,s_d10_augmented_mm_z,0.013840743,Traffic,Platform expression,0.75,-0.025003623217344284,0.03884436655789614
R45·10,s_d10_augmented_mm_z,-0.123372436,Traffic,Platform expression,0.75,-0.025003623217344284,-0.0983688123524189
R45·20,s_d10_augmented_mm_z,-0.01068124,Traffic,Platform expression,0.75,-0.025003623217344284,0.01432238332927227
EQ·10,s_d10_augmented_mm_z,0.056682844,Traffic,Platform expression,0.75,-0.025003623217344284,0.08168646693229675
EQ·20,s_d10_augmented_mm_z,-0.073097944,Traffic,Platform expression,0.75,-0.025003623217344284,-0.04809432104229927
AR·10,delta_d1_augmented_signed_s_minus_o,-0.011326472,Green,Signed divergence,0.875,-0.010522258467972279,-0.0008042138069868088
AR·20,delta_d1_augmented_signed_s_minus_o,-0.049787592,Green,Signed divergence,0.875,-0.010522258467972279,-0.03926533367484808
PC·10,delta_d1_augmented_signed_s_minus_o,-0.052357085,Green,Signed divergence,0.875,-0.010522258467972279,-0.041834826581180096
PC·20,delta_d1_augmented_signed_s_minus_o,-0.021994593,Green,Signed divergence,0.875,-0.010522258467972279,-0.011472334153950214
R45·10,delta_d1_augmented_signed_s_minus_o,-0.01356405,Green,Signed divergence,0.875,-0.010522258467972279,-0.0030417917296290398
R45·20,delta_d1_augmented_signed_s_minus_o,-0.005703316,Green,Signed divergence,0.875,-0.010522258467972279,0.0048189423978328705
EQ·10,delta_d1_augmented_signed_s_minus_o,0.03832082,Green,Signed divergence,0.875,-0.010522258467972279,0.0488430792465806
EQ·20,delta_d1_augmented_signed_s_minus_o,-0.011720207,Green,Signed divergence,0.875,-0.010522258467972279,-0.00119794812053442
AR·10,delta_d2_augmented_signed_s_minus_o,-0.14864576,Density,Signed divergence,0.75,-0.05132901296019554,-0.09731674566864967
AR·20,delta_d2_augmented_signed_s_minus_o,-0.048526864,Density,Signed divergence,0.75,-0.05132901296019554,0.002802148461341858
PC·10,delta_d2_augmented_signed_s_minus_o,-0.18085441,Density,Signed divergence,0.75,-0.05132901296019554,-0.12952539697289467
PC·20,delta_d2_augmented_signed_s_minus_o,-0.05778891,Density,Signed divergence,0.75,-0.05132901296019554,-0.006459895521402359
R45·10,delta_d2_augmented_signed_s_minus_o,0.0120674595,Density,Signed divergence,0.75,-0.05132901296019554,0.06339647248387337
R45·20,delta_d2_augmented_signed_s_minus_o,-0.009350829,Density,Signed divergence,0.75,-0.05132901296019554,0.04197818413376808
EQ·10,delta_d2_augmented_signed_s_minus_o,-0.039049372,Density,Signed divergence,0.75,-0.05132901296019554,0.012279640883207321
EQ·20,delta_d2_augmented_signed_s_minus_o,0.0134736905,Density,Signed divergence,0.75,-0.05132901296019554,0.06480270344763994
AR·10,delta_d3_augmented_signed_s_minus_o,0.08520348,Access,Signed divergence,0.375,0.016602061688899994,0.06860142201185226
AR·20,delta_d3_augmented_signed_s_minus_o,-0.06927911,Access,Signed divergence,0.375,0.016602061688899994,-0.08588117361068726
PC·10,delta_d3_augmented_signed_s_minus_o,0.051232103,Access,Signed divergence,0.375,0.016602061688899994,0.03463004156947136
PC·20,delta_d3_augmented_signed_s_minus_o,-0.024193795,Access,Signed divergence,0.375,0.016602061688899994,-0.04079585708677769
R45·10,delta_d3_augmented_signed_s_minus_o,-0.06498176,Access,Signed divergence,0.375,0.016602061688899994,-0.08158382028341293
R45·20,delta_d3_augmented_signed_s_minus_o,-0.041394547,Access,Signed divergence,0.375,0.016602061688899994,-0.057996608316898346
EQ·10,delta_d3_augmented_signed_s_minus_o,0.043800563,Access,Signed divergence,0.375,0.016602061688899994,0.02719850093126297
EQ·20,delta_d3_augmented_signed_s_minus_o,-0.06849581,Access,Signed divergence,0.375,0.016602061688899994,-0.08509787172079086
AR·10,delta_d4_augmented_signed_s_minus_o,-0.12479487,Safety,Signed divergence,1.0,-0.10419218987226486,-0.02060268074274063
AR·20,delta_d4_augmented_signed_s_minus_o,-0.03736966,Safety,Signed divergence,1.0,-0.10419218987226486,0.06682252883911133
PC·10,delta_d4_augmented_signed_s_minus_o,-0.13963804,Safety,Signed divergence,1.0,-0.10419218987226486,-0.03544584661722183
PC·20,delta_d4_augmented_signed_s_minus_o,-0.009135578,Safety,Signed divergence,1.0,-0.10419218987226486,0.09505661204457283
R45·10,delta_d4_augmented_signed_s_minus_o,-0.1346209,Safety,Signed divergence,1.0,-0.10419218987226486,-0.03042871505022049
R45·20,delta_d4_augmented_signed_s_minus_o,-0.08171234,Safety,Signed divergence,1.0,-0.10419218987226486,0.022479847073554993
EQ·10,delta_d4_augmented_signed_s_minus_o,-0.097582474,Safety,Signed divergence,1.0,-0.10419218987226486,0.006609715521335602
EQ·20,delta_d4_augmented_signed_s_minus_o,-0.07639095,Safety,Signed divergence,1.0,-0.10419218987226486,0.027801238000392914
AR·10,delta_d5_augmented_signed_s_minus_o,0.09916669,Clean,Signed divergence,0.5,0.07710489630699158,0.022061794996261597
AR·20,delta_d5_augmented_signed_s_minus_o,-0.06631976,Clean,Signed divergence,0.5,0.07710489630699158,-0.14342465996742249
PC·10,delta_d5_augmented_signed_s_minus_o,0.082039274,Clean,Signed divergence,0.5,0.07710489630699158,0.00493437796831131
PC·20,delta_d5_augmented_signed_s_minus_o,-0.025542779,Clean,Signed divergence,0.5,0.07710489630699158,-0.1026476752012968
R45·10,delta_d5_augmented_signed_s_minus_o,0.09669571,Clean,Signed divergence,0.5,0.07710489630699158,0.019590817391872406
R45·20,delta_d5_augmented_signed_s_minus_o,-0.010911227,Clean,Signed divergence,0.5,0.07710489630699158,-0.08801612351089716
EQ·10,delta_d5_augmented_signed_s_minus_o,0.13237154,Clean,Signed divergence,0.5,0.07710489630699158,0.05526664853096008
EQ·20,delta_d5_augmented_signed_s_minus_o,-0.06695345,Clean,Signed divergence,0.5,0.07710489630699158,-0.14405834674835205
AR·10,delta_d6_augmented_signed_s_minus_o,-0.03407938,Vitality,Signed divergence,0.875,-0.034407876431941986,0.0003284960985183716
AR·20,delta_d6_augmented_signed_s_minus_o,-0.0874594,Vitality,Signed divergence,0.875,-0.034407876431941986,-0.05305152386426926
PC·10,delta_d6_augmented_signed_s_minus_o,-0.040672287,Vitality,Signed divergence,0.875,-0.034407876431941986,-0.00626441091299057
PC·20,delta_d6_augmented_signed_s_minus_o,-0.0617493,Vitality,Signed divergence,0.875,-0.034407876431941986,-0.02734142541885376
R45·10,delta_d6_augmented_signed_s_minus_o,-0.002206027,Vitality,Signed divergence,0.875,-0.034407876431941986,0.03220184938982129
R45·20,delta_d6_augmented_signed_s_minus_o,-0.037511997,Vitality,Signed divergence,0.875,-0.034407876431941986,-0.0031041204929351807
EQ·10,delta_d6_augmented_signed_s_minus_o,0.0010939846,Vitality,Signed divergence,0.875,-0.034407876431941986,0.03550186101347208
EQ·20,delta_d6_augmented_signed_s_minus_o,-0.07211924,Vitality,Signed divergence,0.875,-0.034407876431941986,-0.03771136701107025
AR·10,delta_d7_augmented_signed_s_minus_o,0.044104934,Heat,Signed divergence,0.5,-0.01032317616045475,0.054428109899163246
AR·20,delta_d7_augmented_signed_s_minus_o,0.0064714956,Heat,Signed divergence,0.5,-0.01032317616045475,0.016794671770185232
PC·10,delta_d7_augmented_signed_s_minus_o,0.004417739,Heat,Signed divergence,0.5,-0.01032317616045475,0.014740915037691593
PC·20,delta_d7_augmented_signed_s_minus_o,0.012969252,Heat,Signed divergence,0.5,-0.01032317616045475,0.023292427882552147
R45·10,delta_d7_augmented_signed_s_minus_o,-0.019810274,Heat,Signed divergence,0.5,-0.01032317616045475,-0.009487098082900047
R45·20,delta_d7_augmented_signed_s_minus_o,-4.8266258e-05,Heat,Signed divergence,0.5,-0.01032317616045475,0.010274909902364016
EQ·10,delta_d7_augmented_signed_s_minus_o,-0.03235764,Heat,Signed divergence,0.5,-0.01032317616045475,-0.02203446440398693
EQ·20,delta_d7_augmented_signed_s_minus_o,-0.047437884,Heat,Signed divergence,0.5,-0.01032317616045475,-0.03711470775306225
AR·10,delta_d8_augmented_signed_s_minus_o,0.03776872,Air,Signed divergence,0.75,0.03670237958431244,0.0010663419961929321
AR·20,delta_d8_augmented_signed_s_minus_o,0.011391583,Air,Signed divergence,0.75,0.03670237958431244,-0.025310796685516834
PC·10,delta_d8_augmented_signed_s_minus_o,0.038110375,Air,Signed divergence,0.75,0.03670237958431244,0.0014079958200454712
PC·20,delta_d8_augmented_signed_s_minus_o,-0.00087650865,Air,Signed divergence,0.75,0.03670237958431244,-0.03757888823747635
R45·10,delta_d8_augmented_signed_s_minus_o,0.062316574,Air,Signed divergence,0.75,0.03670237958431244,0.025614194571971893
R45·20,delta_d8_augmented_signed_s_minus_o,0.013040667,Air,Signed divergence,0.75,0.03670237958431244,-0.023661712184548378
EQ·10,delta_d8_augmented_signed_s_minus_o,-0.13985378,Air,Signed divergence,0.75,0.03670237958431244,-0.17655615508556366
EQ·20,delta_d8_augmented_signed_s_minus_o,0.01984562,Air,Signed divergence,0.75,0.03670237958431244,-0.016856759786605835
AR·10,delta_d9_augmented_signed_s_minus_o,0.052807666,Noise,Signed divergence,0.875,0.009729716926813126,0.043077949434518814
AR·20,delta_d9_augmented_signed_s_minus_o,-0.005874647,Noise,Signed divergence,0.875,0.009729716926813126,-0.01560436375439167
PC·10,delta_d9_augmented_signed_s_minus_o,0.16174078,Noise,Signed divergence,0.875,0.009729716926813126,0.15201106294989586
PC·20,delta_d9_augmented_signed_s_minus_o,0.007995388,Noise,Signed divergence,0.875,0.009729716926813126,-0.0017343293875455856
R45·10,delta_d9_augmented_signed_s_minus_o,0.007666101,Noise,Signed divergence,0.875,0.009729716926813126,-0.0020636157132685184
R45·20,delta_d9_augmented_signed_s_minus_o,0.03436658,Noise,Signed divergence,0.875,0.009729716926813126,0.02463686466217041
EQ·10,delta_d9_augmented_signed_s_minus_o,0.009127653,Noise,Signed divergence,0.875,0.009729716926813126,-0.0006020637229084969
EQ·20,delta_d9_augmented_signed_s_minus_o,0.03924032,Noise,Signed divergence,0.875,0.009729716926813126,0.029510602355003357
AR·10,delta_d10_augmented_signed_s_minus_o,-0.010036938,Traffic,Signed divergence,0.625,-0.013862179592251778,0.0038252416998147964
AR·20,delta_d10_augmented_signed_s_minus_o,-0.047523484,Traffic,Signed divergence,0.625,-0.013862179592251778,-0.03366130404174328
PC·10,delta_d10_augmented_signed_s_minus_o,-0.043789193,Traffic,Signed divergence,0.625,-0.013862179592251778,-0.02992701344192028
PC·20,delta_d10_augmented_signed_s_minus_o,0.048421256,Traffic,Signed divergence,0.625,-0.013862179592251778,0.062283435836434364
R45·10,delta_d10_augmented_signed_s_minus_o,-0.019772239,Traffic,Signed divergence,0.625,-0.013862179592251778,-0.005910059437155724
R45·20,delta_d10_augmented_signed_s_minus_o,0.029204171,Traffic,Signed divergence,0.625,-0.013862179592251778,0.04306635074317455
EQ·10,delta_d10_augmented_signed_s_minus_o,-0.015069568,Traffic,Signed divergence,0.625,-0.013862179592251778,-0.0012073880061507225
EQ·20,delta_d10_augmented_signed_s_minus_o,0.019943446,Traffic,Signed divergence,0.625,-0.013862179592251778,0.03380562551319599
AR·10,ses__age_65plus_pct,-0.13212484,65+,Socioeconomic context,1.0,-0.3072684705257416,0.17514362931251526
AR·20,ses__age_65plus_pct,-0.5972137,65+,Socioeconomic context,1.0,-0.3072684705257416,-0.28994521498680115
PC·10,ses__age_65plus_pct,-0.11270654,65+,Socioeconomic context,1.0,-0.3072684705257416,0.1945619285106659
PC·20,ses__age_65plus_pct,-0.6031979,65+,Socioeconomic context,1.0,-0.3072684705257416,-0.2959294021129608
R45·10,ses__age_65plus_pct,-0.16329336,65+,Socioeconomic context,1.0,-0.3072684705257416,0.14397510886192322
R45·20,ses__age_65plus_pct,-0.6143252,65+,Socioeconomic context,1.0,-0.3072684705257416,-0.3070567548274994
EQ·10,ses__age_65plus_pct,-0.30729437,65+,Socioeconomic context,1.0,-0.3072684705257416,-2.5898218154907227e-05
EQ·20,ses__age_65plus_pct,-0.63083863,65+,Socioeconomic context,1.0,-0.3072684705257416,-0.3235701620578766
AR·10,ses__age_under18_pct,0.296138,<18,Socioeconomic context,1.0,0.2527172267436981,0.043420761823654175
AR·20,ses__age_under18_pct,0.21792424,<18,Socioeconomic context,1.0,0.2527172267436981,-0.03479298949241638
PC·10,ses__age_under18_pct,0.24372174,<18,Socioeconomic context,1.0,0.2527172267436981,-0.008995488286018372
PC·20,ses__age_under18_pct,0.17841591,<18,Socioeconomic context,1.0,0.2527172267436981,-0.07430131733417511
R45·10,ses__age_under18_pct,0.353955,<18,Socioeconomic context,1.0,0.2527172267436981,0.10123777389526367
R45·20,ses__age_under18_pct,0.18815713,<18,Socioeconomic context,1.0,0.2527172267436981,-0.06456010043621063
EQ·10,ses__age_under18_pct,0.20574075,<18,Socioeconomic context,1.0,0.2527172267436981,-0.0469764769077301
EQ·20,ses__age_under18_pct,0.17758092,<18,Socioeconomic context,1.0,0.2527172267436981,-0.07513630390167236
AR·10,ses__bachelors_or_higher_pct_25plus,-0.8195921,Higher ed.,Socioeconomic context,1.0,-0.8424228429794312,0.022830724716186523
AR·20,ses__bachelors_or_higher_pct_25plus,-0.77716774,Higher ed.,Socioeconomic context,1.0,-0.8424228429794312,0.06525510549545288
PC·10,ses__bachelors_or_higher_pct_25plus,-0.8440794,Higher ed.,Socioeconomic context,1.0,-0.8424228429794312,-0.0016565322875976562
PC·20,ses__bachelors_or_higher_pct_25plus,-0.7958815,Higher ed.,Socioeconomic context,1.0,-0.8424228429794312,0.04654133319854736
R45·10,ses__bachelors_or_higher_pct_25plus,-0.8372226,Higher ed.,Socioeconomic context,1.0,-0.8424228429794312,0.0052002668380737305
R45·20,ses__bachelors_or_higher_pct_25plus,-0.6406279,Higher ed.,Socioeconomic context,1.0,-0.8424228429794312,0.20179492235183716
EQ·10,ses__bachelors_or_higher_pct_25plus,-0.90635645,Higher ed.,Socioeconomic context,1.0,-0.8424228429794312,-0.0639336109161377
EQ·20,ses__bachelors_or_higher_pct_25plus,-0.74618393,Higher ed.,Socioeconomic context,1.0,-0.8424228429794312,0.09623891115188599
AR·10,ses__black_alone_pct,0.8106807,Black,Socioeconomic context,1.0,0.2888408899307251,0.5218397974967957
AR·20,ses__black_alone_pct,0.3510823,Black,Socioeconomic context,1.0,0.2888408899307251,0.06224140524864197
PC·10,ses__black_alone_pct,0.3347032,Black,Socioeconomic context,1.0,0.2888408899307251,0.04586231708526611
PC·20,ses__black_alone_pct,0.30175275,Black,Socioeconomic context,1.0,0.2888408899307251,0.012911856174468994
R45·10,ses__black_alone_pct,0.27339768,Black,Socioeconomic context,1.0,0.2888408899307251,-0.015443205833435059
R45·20,ses__black_alone_pct,0.107698955,Black,Socioeconomic context,1.0,0.2888408899307251,-0.1811419352889061
EQ·10,ses__black_alone_pct,0.29300553,Black,Socioeconomic context,1.0,0.2888408899307251,0.004164636135101318
EQ·20,ses__black_alone_pct,0.16061372,Black,Socioeconomic context,1.0,0.2888408899307251,-0.12822717428207397
AR·10,ses__commute_transit_pct,-0.06586089,Transit,Socioeconomic context,0.5,-0.011791419237852097,-0.05406947061419487
AR·20,ses__commute_transit_pct,0.23312199,Transit,Socioeconomic context,0.5,-0.011791419237852097,0.24491341039538383
PC·10,ses__commute_transit_pct,-0.112792775,Transit,Socioeconomic context,0.5,-0.011791419237852097,-0.10100135579705238
PC·20,ses__commute_transit_pct,0.22213766,Transit,Socioeconomic context,0.5,-0.011791419237852097,0.2339290790259838
R45·10,ses__commute_transit_pct,-0.052730925,Transit,Socioeconomic context,0.5,-0.011791419237852097,-0.04093950614333153
R45·20,ses__commute_transit_pct,0.2806994,Transit,Socioeconomic context,0.5,-0.011791419237852097,0.2924908213317394
EQ·10,ses__commute_transit_pct,-0.096857995,Transit,Socioeconomic context,0.5,-0.011791419237852097,-0.08506657555699348
EQ·20,ses__commute_transit_pct,0.23963867,Transit,Socioeconomic context,0.5,-0.011791419237852097,0.25143009051680565
AR·10,ses__commute_walk_pct,-0.0030495808,Walk,Socioeconomic context,0.875,0.057507649064064026,-0.06055722991004586
AR·20,ses__commute_walk_pct,0.020725103,Walk,Socioeconomic context,0.875,0.057507649064064026,-0.03678254596889019
PC·10,ses__commute_walk_pct,0.021906104,Walk,Socioeconomic context,0.875,0.057507649064064026,-0.03560154512524605
PC·20,ses__commute_walk_pct,0.1096893,Walk,Socioeconomic context,0.875,0.057507649064064026,0.052181653678417206
R45·10,ses__commute_walk_pct,0.018268673,Walk,Socioeconomic context,0.875,0.057507649064064026,-0.03923897631466389
R45·20,ses__commute_walk_pct,0.14472404,Walk,Socioeconomic context,0.875,0.057507649064064026,0.08721639215946198
EQ·10,ses__commute_walk_pct,0.10846559,Walk,Socioeconomic context,0.875,0.057507649064064026,0.05095794051885605
EQ·20,ses__commute_walk_pct,0.16082639,Walk,Socioeconomic context,0.875,0.057507649064064026,0.10331873595714569
AR·10,ses__gross_rent_30plus_pct,-0.07276917,Rent,Socioeconomic context,0.5,-0.03737311810255051,-0.03539605438709259
AR·20,ses__gross_rent_30plus_pct,0.10153222,Rent,Socioeconomic context,0.5,-0.03737311810255051,0.1389053389430046
PC·10,ses__gross_rent_30plus_pct,-0.06100949,Rent,Socioeconomic context,0.5,-0.03737311810255051,-0.02363637089729309
PC·20,ses__gross_rent_30plus_pct,0.10968907,Rent,Socioeconomic context,0.5,-0.03737311810255051,0.14706218987703323
R45·10,ses__gross_rent_30plus_pct,-0.055234242,Rent,Socioeconomic context,0.5,-0.03737311810255051,-0.017861124128103256
R45·20,ses__gross_rent_30plus_pct,0.07570697,Rent,Socioeconomic context,0.5,-0.03737311810255051,0.11308009177446365
EQ·10,ses__gross_rent_30plus_pct,-0.028552828,Rent,Socioeconomic context,0.5,-0.03737311810255051,0.008820289745926857
EQ·20,ses__gross_rent_30plus_pct,0.08929503,Rent,Socioeconomic context,0.5,-0.03737311810255051,0.12666814774274826
AR·10,ses__hispanic_latino_pct,0.21790868,Hisp./Lat.,Socioeconomic context,1.0,0.14457035064697266,0.0733383297920227
AR·20,ses__hispanic_latino_pct,0.03382842,Hisp./Lat.,Socioeconomic context,1.0,0.14457035064697266,-0.11074193194508553
PC·10,ses__hispanic_latino_pct,0.18604186,Hisp./Lat.,Socioeconomic context,1.0,0.14457035064697266,0.041471511125564575
PC·20,ses__hispanic_latino_pct,0.023994686,Hisp./Lat.,Socioeconomic context,1.0,0.14457035064697266,-0.12057566456496716
R45·10,ses__hispanic_latino_pct,0.3912474,Hisp./Lat.,Socioeconomic context,1.0,0.14457035064697266,0.24667704105377197
R45·20,ses__hispanic_latino_pct,0.059174955,Hisp./Lat.,Socioeconomic context,1.0,0.14457035064697266,-0.08539539575576782
EQ·10,ses__hispanic_latino_pct,0.17513219,Hisp./Lat.,Socioeconomic context,1.0,0.14457035064697266,0.030561834573745728
EQ·20,ses__hispanic_latino_pct,0.07371563,Hisp./Lat.,Socioeconomic context,1.0,0.14457035064697266,-0.07085472345352173
AR·10,ses__log_income_nominal,-0.22101131,Income,Socioeconomic context,1.0,-0.22317111492156982,0.002159804105758667
AR·20,ses__log_income_nominal,-0.5162968,Income,Socioeconomic context,1.0,-0.22317111492156982,-0.2931256890296936
PC·10,ses__log_income_nominal,-0.21768641,Income,Socioeconomic context,1.0,-0.22317111492156982,0.0054847002029418945
PC·20,ses__log_income_nominal,-0.51687425,Income,Socioeconomic context,1.0,-0.22317111492156982,-0.2937031388282776
R45·10,ses__log_income_nominal,-0.14345974,Income,Socioeconomic context,1.0,-0.22317111492156982,0.07971137762069702
R45·20,ses__log_income_nominal,-0.5694278,Income,Socioeconomic context,1.0,-0.22317111492156982,-0.34625667333602905
EQ·10,ses__log_income_nominal,-0.18743518,Income,Socioeconomic context,1.0,-0.22317111492156982,0.03573593497276306
EQ·20,ses__log_income_nominal,-0.50235516,Income,Socioeconomic context,1.0,-0.22317111492156982,-0.2791840434074402
AR·10,ses__male_pct,0.029184826,Male,Socioeconomic context,0.5,0.001728069968521595,0.027456755749881268
AR·20,ses__male_pct,-0.111501746,Male,Socioeconomic context,0.5,0.001728069968521595,-0.11322981584817171
PC·10,ses__male_pct,0.096257195,Male,Socioeconomic context,0.5,0.001728069968521595,0.09452912490814924
PC·20,ses__male_pct,-0.051973492,Male,Socioeconomic context,0.5,0.001728069968521595,-0.053701561875641346
R45·10,ses__male_pct,0.04752924,Male,Socioeconomic context,0.5,0.001728069968521595,0.045801169238984585
R45·20,ses__male_pct,-0.087095305,Male,Socioeconomic context,0.5,0.001728069968521595,-0.08882337529212236
EQ·10,ses__male_pct,4.1653402e-05,Male,Socioeconomic context,0.5,0.001728069968521595,-0.0016864165663719177
EQ·20,ses__male_pct,-0.0620081,Male,Socioeconomic context,0.5,0.001728069968521595,-0.06373617146164179
AR·10,ses__population_log1p,-0.048642218,Pop.,Socioeconomic context,0.75,-0.03935892507433891,-0.009283293038606644
AR·20,ses__population_log1p,-0.13379034,Pop.,Socioeconomic context,0.75,-0.03935892507433891,-0.09443141892552376
PC·10,ses__population_log1p,0.051488914,Pop.,Socioeconomic context,0.75,-0.03935892507433891,0.09084783867001534
PC·20,ses__population_log1p,-0.03552653,Pop.,Socioeconomic context,0.75,-0.03935892507433891,0.0038323961198329926
R45·10,ses__population_log1p,0.044860087,Pop.,Socioeconomic context,0.75,-0.03935892507433891,0.08421901240944862
R45·20,ses__population_log1p,-0.051931348,Pop.,Socioeconomic context,0.75,-0.03935892507433891,-0.012572422623634338
EQ·10,ses__population_log1p,-0.04066267,Pop.,Socioeconomic context,0.75,-0.03935892507433891,-0.0013037435710430145
EQ·20,ses__population_log1p,-0.04379551,Pop.,Socioeconomic context,0.75,-0.03935892507433891,-0.0044365860521793365
AR·10,ses__poverty_pct,0.99068636,Poverty,Socioeconomic context,1.0,0.9419920444488525,0.04869431257247925
AR·20,ses__poverty_pct,0.73997223,Poverty,Socioeconomic context,1.0,0.9419920444488525,-0.2020198106765747
PC·10,ses__poverty_pct,0.7776072,Poverty,Socioeconomic context,1.0,0.9419920444488525,-0.1643848419189453
PC·20,ses__poverty_pct,0.6422285,Poverty,Socioeconomic context,1.0,0.9419920444488525,-0.299763560295105
R45·10,ses__poverty_pct,0.9847642,Poverty,Socioeconomic context,1.0,0.9419920444488525,0.04277217388153076
R45·20,ses__poverty_pct,0.5903542,Poverty,Socioeconomic context,1.0,0.9419920444488525,-0.3516378402709961
EQ·10,ses__poverty_pct,0.99923563,Poverty,Socioeconomic context,1.0,0.9419920444488525,0.05724358558654785
EQ·20,ses__poverty_pct,0.69367623,Poverty,Socioeconomic context,1.0,0.9419920444488525,-0.24831581115722656
AR·10,ses__unemployment_pct,-0.16863568,Unemp.,Socioeconomic context,0.5,-0.06051994860172272,-0.10811573266983032
AR·20,ses__unemployment_pct,0.2786315,Unemp.,Socioeconomic context,0.5,-0.06051994860172272,0.33915145695209503
PC·10,ses__unemployment_pct,-0.19853662,Unemp.,Socioeconomic context,0.5,-0.06051994860172272,-0.13801667094230652
PC·20,ses__unemployment_pct,0.116032794,Unemp.,Socioeconomic context,0.5,-0.06051994860172272,0.17655274271965027
R45·10,ses__unemployment_pct,-0.1526321,Unemp.,Socioeconomic context,0.5,-0.06051994860172272,-0.09211215376853943
R45·20,ses__unemployment_pct,0.15777215,Unemp.,Socioeconomic context,0.5,-0.06051994860172272,0.21829210221767426
EQ·10,ses__unemployment_pct,-0.18469507,Unemp.,Socioeconomic context,0.5,-0.06051994860172272,-0.12417511641979218
EQ·20,ses__unemployment_pct,0.18104786,Unemp.,Socioeconomic context,0.5,-0.06051994860172272,0.24156780540943146
