feature,label,group,median,q25,q75,median_absolute,scheme_sign_agreement
o_d1_composite_z,Green,Objective conditions,0.010850915685296059,-0.07092936895787716,0.09868567250669003,0.08352385461330414,0.75
o_d2_composite_z,Density,Objective conditions,-0.0036267575342208147,-0.06531258299946785,0.08981966972351074,0.06668528914451599,0.875
o_d3_composite_z,Access,Objective conditions,0.06833154708147049,0.04814682900905609,0.1224319078028202,0.08178867399692535,0.875
o_d4_composite_z,Safety,Objective conditions,0.2212696671485901,0.15794572606682777,0.28056716173887253,0.2212696671485901,1.0
o_d5_composite_z,Clean,Objective conditions,0.040151894092559814,-0.012099253945052624,0.16157303750514984,0.06267767399549484,0.5
o_d6_composite_z,Vitality,Objective conditions,0.008468834683299065,-0.043776591308414936,0.048581456765532494,0.0466841496527195,0.5
o_d7_composite_z,Heat,Objective conditions,0.03174793720245361,-0.3651758208870888,0.08613269217312336,0.1522543504834175,0.375
o_d8_composite_z,Air,Objective conditions,0.004609651863574982,-0.04535912349820137,0.24328335002064705,0.16057422757148743,0.75
o_d9_composite_z,Noise,Objective conditions,-0.029934871941804886,-0.10354474186897278,0.011617938056588173,0.06615016981959343,0.5
o_d10_composite_z,Traffic,Objective conditions,0.06371521949768066,-0.02627476630732417,0.1480085514485836,0.129088893532753,0.875
s_d1_augmented_mm_z,Green,Platform expression,0.052234768867492676,0.02219504350796342,0.10617094300687313,0.059050340205430984,1.0
s_d2_augmented_mm_z,Density,Platform expression,-0.04049987718462944,-0.16169220954179764,0.08460205793380737,0.11229338124394417,0.875
s_d3_augmented_mm_z,Access,Platform expression,0.04584123194217682,-0.018989084288477898,0.16673573851585388,0.0838451124727726,0.875
s_d4_augmented_mm_z,Safety,Platform expression,0.12506595253944397,0.07022787071764469,0.201949842274189,0.12506595253944397,1.0
s_d5_augmented_mm_z,Clean,Platform expression,-0.016079839318990707,-0.18877148255705833,0.016570543870329857,0.05872517079114914,0.625
s_d6_augmented_mm_z,Vitality,Platform expression,-0.06154310330748558,-0.12213927321135998,-0.03292069397866726,0.062130704522132874,0.75
s_d7_augmented_mm_z,Heat,Platform expression,0.08248689770698547,0.03538580983877182,0.15042509883642197,0.08248689770698547,1.0
s_d8_augmented_mm_z,Air,Platform expression,0.01382937841117382,-0.014110726537182927,0.054671816527843475,0.03255899250507355,0.75
s_d9_augmented_mm_z,Noise,Platform expression,0.03854794800281525,-0.07032505422830582,0.11643538065254688,0.0914124846458435,0.625
s_d10_augmented_mm_z,Traffic,Platform expression,-0.025003623217344284,-0.1260552741587162,0.061227417550981045,0.09139298647642136,0.75
delta_d1_augmented_signed_s_minus_o,Green,Signed divergence,-0.010522258467972279,-0.05328862462192774,0.047532848082482815,0.04807664826512337,0.875
delta_d2_augmented_signed_s_minus_o,Density,Signed divergence,-0.05132901296019554,-0.14059431850910187,0.016765045933425426,0.06818194687366486,0.75
delta_d3_augmented_signed_s_minus_o,Access,Signed divergence,0.016602061688899994,-0.10475562699139118,0.061273795552551746,0.08610685169696808,0.375
delta_d4_augmented_signed_s_minus_o,Safety,Signed divergence,-0.10419218987226486,-0.15288572385907173,-0.04318846296519041,0.10419218987226486,1.0
delta_d5_augmented_signed_s_minus_o,Clean,Signed divergence,0.07710489630699158,-0.011914938921108842,0.14897271990776062,0.09111709892749786,0.5
delta_d6_augmented_signed_s_minus_o,Vitality,Signed divergence,-0.034407876431941986,-0.06469588167965412,0.006250098813325167,0.04750818945467472,0.875
delta_d7_augmented_signed_s_minus_o,Heat,Signed divergence,-0.01032317616045475,-0.07786760665476322,0.047796858474612236,0.04951139725744724,0.5
delta_d8_augmented_signed_s_minus_o,Air,Signed divergence,0.03670237958431244,-0.11734962649643421,0.08371116034686565,0.08406016230583191,0.75
delta_d9_augmented_signed_s_minus_o,Noise,Signed divergence,0.009729716926813126,-0.029534942470490932,0.11449025198817253,0.11057999730110168,0.875
delta_d10_augmented_signed_s_minus_o,Traffic,Signed divergence,-0.013862179592251778,-0.03335744887590408,0.013781422981992364,0.022491478361189365,0.625
ses__age_65plus_pct,65+,Socioeconomic context,-0.3072684705257416,-0.4099952131509781,-0.13118378818035126,0.3072684705257416,1.0
ses__age_under18_pct,<18,Socioeconomic context,0.2527172267436981,0.18508237600326538,0.3587818518280983,0.2527172267436981,1.0
ses__bachelors_or_higher_pct_25plus,Higher ed.,Socioeconomic context,-0.8424228429794312,-0.9027293473482132,-0.8012151718139648,0.8424228727817535,1.0
ses__black_alone_pct,Black,Socioeconomic context,0.2888408899307251,0.18059584498405457,0.6403158009052277,0.2888409048318863,1.0
ses__commute_transit_pct,Transit,Socioeconomic context,-0.011791419237852097,-0.11230977810919285,0.1194754857569933,0.11403467878699303,0.5
ses__commute_walk_pct,Walk,Socioeconomic context,0.057507649064064026,0.006411218084394932,0.19095288962125778,0.07628122717142105,0.875
ses__gross_rent_30plus_pct,Rent,Socioeconomic context,-0.03737311810255051,-0.08895846270024776,-0.003574945032596588,0.06739160418510437,0.5
ses__hispanic_latino_pct,Hisp./Lat.,Socioeconomic context,0.14457035064697266,-0.004131669411435723,0.30722207576036453,0.1669021025300026,1.0
ses__log_income_nominal,Income,Socioeconomic context,-0.22317111492156982,-0.36245737969875336,-0.13184890523552895,0.26391060650348663,1.0
ses__male_pct,Male,Socioeconomic context,0.001728069968521595,-0.043123132549226284,0.06015940848737955,0.04776276461780071,0.5
ses__population_log1p,Pop.,Socioeconomic context,-0.03935892507433891,-0.11997424438595772,0.046807948499917984,0.07177083194255829,0.75
ses__poverty_pct,Poverty,Socioeconomic context,0.9419920444488525,0.6461168229579926,1.0136872828006744,0.9419920146465302,1.0
ses__unemployment_pct,Unemp.,Socioeconomic context,-0.06051994860172272,-0.18891804665327072,0.1049727201461792,0.16426148265600204,0.5
