feature,display_variable_name,group
o_d1_composite_z,Green,Objective conditions
o_d2_composite_z,Density,Objective conditions
o_d3_composite_z,Access,Objective conditions
o_d4_composite_z,Safety,Objective conditions
o_d5_composite_z,Clean,Objective conditions
o_d6_composite_z,Vitality,Objective conditions
o_d7_composite_z,Heat,Objective conditions
o_d8_composite_z,Air,Objective conditions
o_d9_composite_z,Noise,Objective conditions
o_d10_composite_z,Traffic,Objective conditions
s_d1_augmented_mm_z,Green,Platform expression
s_d2_augmented_mm_z,Density,Platform expression
s_d3_augmented_mm_z,Access,Platform expression
s_d4_augmented_mm_z,Safety,Platform expression
s_d5_augmented_mm_z,Clean,Platform expression
s_d6_augmented_mm_z,Vitality,Platform expression
s_d7_augmented_mm_z,Heat,Platform expression
s_d8_augmented_mm_z,Air,Platform expression
s_d9_augmented_mm_z,Noise,Platform expression
s_d10_augmented_mm_z,Traffic,Platform expression
delta_d1_augmented_signed_s_minus_o,Green,Signed divergence
delta_d2_augmented_signed_s_minus_o,Density,Signed divergence
delta_d3_augmented_signed_s_minus_o,Access,Signed divergence
delta_d4_augmented_signed_s_minus_o,Safety,Signed divergence
delta_d5_augmented_signed_s_minus_o,Clean,Signed divergence
delta_d6_augmented_signed_s_minus_o,Vitality,Signed divergence
delta_d7_augmented_signed_s_minus_o,Heat,Signed divergence
delta_d8_augmented_signed_s_minus_o,Air,Signed divergence
delta_d9_augmented_signed_s_minus_o,Noise,Signed divergence
delta_d10_augmented_signed_s_minus_o,Traffic,Signed divergence
ses__age_65plus_pct,65+,Socioeconomic context
ses__age_under18_pct,<18,Socioeconomic context
ses__bachelors_or_higher_pct_25plus,Higher ed.,Socioeconomic context
ses__black_alone_pct,Black,Socioeconomic context
ses__commute_transit_pct,Transit,Socioeconomic context
ses__commute_walk_pct,Walk,Socioeconomic context
ses__gross_rent_30plus_pct,Rent,Socioeconomic context
ses__hispanic_latino_pct,Hisp./Lat.,Socioeconomic context
ses__log_income_nominal,Income,Socioeconomic context
ses__male_pct,Male,Socioeconomic context
ses__population_log1p,Pop.,Socioeconomic context
ses__poverty_pct,Poverty,Socioeconomic context
ses__unemployment_pct,Unemp.,Socioeconomic context
