health_reference_year,q25,median,q75,scenario
2014,-0.04830448888242245,-0.0222324151545763,0.051426224410533905,D1_green_water_plus_1sd
2015,-0.04869326204061508,-0.023357000201940536,0.05093684792518616,D1_green_water_plus_1sd
2016,-0.04905538074672222,-0.024436909705400467,0.050884535536170006,D1_green_water_plus_1sd
2017,-0.04956604912877083,-0.025225788354873657,0.05070589855313301,D1_green_water_plus_1sd
2018,-0.04982535447925329,-0.025540413334965706,0.045141713693737984,D1_green_water_plus_1sd
2019,-0.05012545082718134,-0.026555784046649933,0.045311770401895046,D1_green_water_plus_1sd
2020,-0.05028226412832737,-0.02750368881970644,0.045755467377603054,D1_green_water_plus_1sd
2021,-0.05053439736366272,-0.028608934953808784,0.04584828112274408,D1_green_water_plus_1sd
2022,0.03909136075526476,0.05278210714459419,0.10686713270843029,D1_green_water_plus_1sd
2023,0.03964521363377571,0.05107913538813591,0.10900913178920746,D1_green_water_plus_1sd
2014,-0.1908215656876564,-0.08953230828046799,-0.06670605763792992,D5_clean_maintenance_minus_1sd
2015,-0.19138453900814056,-0.08912648260593414,-0.0669531337916851,D5_clean_maintenance_minus_1sd
2016,-0.19072669744491577,-0.08954282104969025,-0.0675143301486969,D5_clean_maintenance_minus_1sd
2017,-0.18974635004997253,-0.08932118862867355,-0.06782199069857597,D5_clean_maintenance_minus_1sd
2018,-0.1941528543829918,-0.09008064493536949,-0.06841084733605385,D5_clean_maintenance_minus_1sd
2019,-0.1952058970928192,-0.08976515755057335,-0.06852906383574009,D5_clean_maintenance_minus_1sd
2020,-0.196375984698534,-0.08937418833374977,-0.06870180927217007,D5_clean_maintenance_minus_1sd
2021,-0.197281152009964,-0.08928799256682396,-0.06893981248140335,D5_clean_maintenance_minus_1sd
2022,0.01929966825991869,0.03171931952238083,0.05420546792447567,D5_clean_maintenance_minus_1sd
2023,0.018995550461113453,0.031236162409186363,0.05573640298098326,D5_clean_maintenance_minus_1sd
2014,-0.15308359265327454,-0.027946636080741882,0.1587321162223816,D7_heat_mitigation_minus_1sd
2015,-0.15314074605703354,-0.027790598571300507,0.1588243544101715,D7_heat_mitigation_minus_1sd
2016,-0.15343064069747925,-0.027987901121377945,0.15823251754045486,D7_heat_mitigation_minus_1sd
2017,-0.1529208943247795,-0.028136800974607468,0.15816108882427216,D7_heat_mitigation_minus_1sd
2018,-0.15406356379389763,-0.028150214813649654,0.13506866246461868,D7_heat_mitigation_minus_1sd
2019,-0.1540592946112156,-0.027903417125344276,0.13482017815113068,D7_heat_mitigation_minus_1sd
2020,-0.15407844260334969,-0.02751852385699749,0.13414784893393517,D7_heat_mitigation_minus_1sd
2021,-0.15425172448158264,-0.027216436341404915,0.1333853155374527,D7_heat_mitigation_minus_1sd
2022,0.019193907734006643,0.040173862129449844,0.08567865565419197,D7_heat_mitigation_minus_1sd
2023,0.02058234252035618,0.03978998400270939,0.08670055493712425,D7_heat_mitigation_minus_1sd
2014,-0.16048193722963333,-0.07371236383914948,0.23020507395267487,D8_air_pollution_minus_1sd
2015,-0.16124635189771652,-0.07399557530879974,0.23039566725492477,D8_air_pollution_minus_1sd
2016,-0.1621394380927086,-0.07456635683774948,0.2309895157814026,D8_air_pollution_minus_1sd
2017,-0.16341599822044373,-0.07491693645715714,0.23190898448228836,D8_air_pollution_minus_1sd
2018,-0.16410941258072853,-0.07540347427129745,0.2326793298125267,D8_air_pollution_minus_1sd
2019,-0.16506709158420563,-0.07606621086597443,0.23321547731757164,D8_air_pollution_minus_1sd
2020,-0.1659904420375824,-0.0764063224196434,0.23391351103782654,D8_air_pollution_minus_1sd
2021,-0.16685683280229568,-0.07735886797308922,0.23422781378030777,D8_air_pollution_minus_1sd
2022,-0.12933971360325813,-0.08154729753732681,-0.03978430200368166,D8_air_pollution_minus_1sd
2023,-0.12726100534200668,-0.08441947400569916,-0.04184702970087528,D8_air_pollution_minus_1sd
2014,0.016217964701354504,0.05650851130485535,0.06698329746723175,D9_noise_mitigation_minus_1sd
2015,0.01613721065223217,0.05735702067613602,0.06791168823838234,D9_noise_mitigation_minus_1sd
2016,0.015693810768425465,0.05797603726387024,0.06840550526976585,D9_noise_mitigation_minus_1sd
2017,0.015845779329538345,0.05862578749656677,0.06939452141523361,D9_noise_mitigation_minus_1sd
2018,0.016783341765403748,0.06047124043107033,0.07090745307505131,D9_noise_mitigation_minus_1sd
2019,0.01656293822452426,0.06105819530785084,0.0711704883724451,D9_noise_mitigation_minus_1sd
2020,0.016157436184585094,0.06160060130059719,0.07178162224590778,D9_noise_mitigation_minus_1sd
2021,0.01614931272342801,0.062147341668605804,0.07215679250657558,D9_noise_mitigation_minus_1sd
2022,-0.054133111611008644,-0.02607810962945223,-0.006742978235706687,D9_noise_mitigation_minus_1sd
2023,-0.053199014626443386,-0.02458979468792677,-0.00543968053534627,D9_noise_mitigation_minus_1sd
2014,-0.1394968032836914,-0.11528849601745605,0.023876899853348732,D10_traffic_pressure_minus_1sd
2015,-0.13934750854969025,-0.11551865190267563,0.024279288947582245,D10_traffic_pressure_minus_1sd
2016,-0.14042463898658752,-0.11612118035554886,0.024079706519842148,D10_traffic_pressure_minus_1sd
2017,-0.14077221602201462,-0.11691472679376602,0.02442352846264839,D10_traffic_pressure_minus_1sd
2018,-0.1400863490998745,-0.11526908352971077,0.08206385374069214,D10_traffic_pressure_minus_1sd
2019,-0.13996274024248123,-0.11441247165203094,0.08163350820541382,D10_traffic_pressure_minus_1sd
2020,-0.1396450512111187,-0.11487223580479622,0.08119122125208378,D10_traffic_pressure_minus_1sd
2021,-0.13948439806699753,-0.11449075490236282,0.08107579126954079,D10_traffic_pressure_minus_1sd
2022,-0.058019790798425674,-0.03436894156038761,-0.01151882647536695,D10_traffic_pressure_minus_1sd
2023,-0.05916640441864729,-0.033277712762355804,-0.013247665949165821,D10_traffic_pressure_minus_1sd
2014,-0.3798038810491562,-0.0590568482875824,0.2392215132713318,joint_six_dimensions
2015,-0.3818732351064682,-0.05966329574584961,0.2399841621518135,joint_six_dimensions
2016,-0.3869868516921997,-0.060761019587516785,0.23990750312805176,joint_six_dimensions
2017,-0.38791903853416443,-0.061504557728767395,0.23996271193027496,joint_six_dimensions
2018,-0.38755936920642853,-0.061680346727371216,0.2410101369023323,joint_six_dimensions
2019,-0.38972094655036926,-0.062411002814769745,0.24142636358737946,joint_six_dimensions
2020,-0.3911241441965103,-0.06204254925251007,0.24259155243635178,joint_six_dimensions
2021,-0.3920670747756958,-0.06382419914007187,0.2433703877031803,joint_six_dimensions
2022,-0.04023781977593899,-0.015564261004328728,0.06379583477973938,joint_six_dimensions
2023,-0.03911448922008276,-0.014982564374804497,0.06423723697662354,joint_six_dimensions
