scheme,ses_variable,q1,q3,n_low_q1,n_high_q3,mean_prediction_low_q1,mean_prediction_high_q3,prediction_difference_high_minus_low,absolute_prediction_difference,pooled_prediction_sd,standardized_prediction_gap,health_outcome_read,proxy_analysis,formal
axis_recursive__v2010,ses__age_65plus_pct,7.583032846450806,15.586832284927368,1668,1668,12.446218520617313,12.350830553246915,-0.0953879673703959,0.0953879673703959,3.0967307006877816,-0.0308027970753835,False,True,False
axis_recursive__v2010,ses__age_under18_pct,16.65097427368164,27.346985340118408,1668,1668,10.406305523799192,15.448419972575254,5.042114448776061,5.042114448776061,2.31712776756522,2.176019173113699,False,True,False
axis_recursive__v2010,ses__bachelors_or_higher_pct_25plus,13.402470588684082,54.08305263519287,1668,1668,15.74000512553062,9.260813993229856,-6.479191132300764,6.479191132300764,1.5684776462417545,-4.130878847923412,False,True,False
axis_recursive__v2010,ses__black_alone_pct,2.509754776954651,85.40440368652344,1668,1668,11.1513847444269,15.732244319481245,4.580859575054342,4.580859575054342,2.2001250573873987,2.0820905428412395,False,True,False
axis_recursive__v2010,ses__commute_transit_pct,16.753844738006592,36.13604545593262,1668,1668,12.133861529741356,12.654947336915011,0.521085807173657,0.521085807173657,3.1019332611768964,0.1679874334162667,False,True,False
axis_recursive__v2010,ses__commute_walk_pct,1.141521841287613,5.74018144607544,1668,1669,13.70630657672882,12.02363014164051,-1.682676435088311,1.682676435088311,2.9457650695430138,-0.5712188159490091,False,True,False
axis_recursive__v2010,ses__gross_rent_30plus_pct,37.81433296203613,58.18181991577149,1668,1669,10.279149702412903,14.65636337696256,4.377213674549655,4.377213674549655,2.382267023755227,1.8374152145420477,False,True,False
axis_recursive__v2010,ses__hispanic_latino_pct,4.045904755592346,42.29666328430176,1668,1668,14.567586278743882,13.589568319938166,-0.9780179588057152,0.9780179588057152,2.4937630569284126,-0.3921855992246302,False,True,False
axis_recursive__v2010,ses__log_income_nominal,10.438730001449583,11.194358110427856,1663,1663,16.09863664612165,9.336733446448092,-6.76190319967356,6.76190319967356,1.5951391929320793,-4.239067806518048,False,True,False
axis_recursive__v2010,ses__male_pct,45.48704814910889,51.28004360198975,1668,1668,14.086243758670433,12.145001962316408,-1.9412417963540225,1.9412417963540225,2.9147479325240746,-0.6660067495692403,False,True,False
axis_recursive__v2010,ses__population_log1p,7.637354731559753,8.443707942962646,1668,1668,13.611263639063573,12.160433323263264,-1.4508303158003084,1.4508303158003084,2.914034559322036,-0.4978768392293367,False,True,False
axis_recursive__v2010,ses__poverty_pct,9.964484691619871,29.566891193389893,1668,1668,9.727456863549689,16.116563606605254,6.389106743055567,6.389106743055567,1.7485663814699168,3.6539114618483177,False,True,False
axis_recursive__v2010,ses__unemployment_pct,4.884132742881775,16.387988567352295,1668,1668,9.935251090452253,15.80198178245581,5.866730692003557,5.866730692003557,1.901904921706082,3.0846603450296946,False,True,False
axis_recursive__v2020,ses__age_65plus_pct,8.985201120376587,17.852365016937256,435,435,13.286223100245683,13.59738632509078,0.3111632248450977,0.3111632248450977,2.989666606212224,0.1040795733539425,False,True,False
axis_recursive__v2020,ses__age_under18_pct,15.699170112609863,25.408905506134037,435,435,12.148883199143684,15.27980087543356,3.130917676289876,3.130917676289876,2.8418935782006494,1.1017012390281773,False,True,False
axis_recursive__v2020,ses__bachelors_or_higher_pct_25plus,16.74183940887451,60.80323314666748,435,435,16.311691775267153,10.88163302410608,-5.430058751161074,5.430058751161074,2.0175187654749838,-2.6914539007436087,False,True,False
axis_recursive__v2020,ses__black_alone_pct,2.450496196746826,73.8653335571289,435,435,11.925497457350808,17.123377100626627,5.197879643275819,5.197879643275819,1.9462190844879883,2.6707577192643126,False,True,False
axis_recursive__v2020,ses__commute_transit_pct,10.829296588897703,26.46681404113769,435,435,12.821287306423844,14.55124737312054,1.7299600666966946,1.7299600666966946,2.890822226727263,0.598431840845227,False,True,False
axis_recursive__v2020,ses__commute_walk_pct,0.3149181082844734,4.993735909461975,435,435,15.225234608266543,13.200297991434732,-2.0249366168318126,2.0249366168318126,2.916825826554837,-0.694226099617177,False,True,False
axis_recursive__v2020,ses__gross_rent_30plus_pct,35.89820671081543,56.842495918273926,435,435,11.769984051276898,15.534488105773926,3.764504054497028,3.764504054497028,2.5287121778624915,1.4887040476386464,False,True,False
axis_recursive__v2020,ses__hispanic_latino_pct,5.778132438659668,42.31549072265625,435,435,15.5566689392616,13.780998486485975,-1.7756704527756249,1.7756704527756249,2.6724986253123117,-0.664423336258262,False,True,False
axis_recursive__v2020,ses__log_income_nominal,10.774195194244385,11.477464199066162,430,430,17.355524198399035,10.65932940327844,-6.696194795120595,6.696194795120595,1.655483510329971,-4.044857440945401,False,True,False
axis_recursive__v2020,ses__male_pct,45.15548706054688,51.8079891204834,435,435,15.200066391078906,13.12185510876535,-2.0782112823135552,2.0782112823135552,2.907987862284634,-0.7146561061230936,False,True,False
axis_recursive__v2020,ses__population_log1p,7.657637238502502,8.45297384262085,435,435,14.91209789911906,12.78790805202791,-2.1241898470911487,2.1241898470911487,2.7406559407203632,-0.7750662224798708,False,True,False
axis_recursive__v2020,ses__poverty_pct,7.738703370094299,24.717863082885746,435,435,11.07995884884363,17.252401248888038,6.1724424000444085,6.1724424000444085,1.8257813764733883,3.380712761988442,False,True,False
axis_recursive__v2020,ses__unemployment_pct,3.991281688213349,12.599992513656616,435,435,11.474531679043825,16.99969053597286,5.525158856929036,5.525158856929036,2.021212195171227,2.7335867407335583,False,True,False
polar_north_clockwise_equal_count__v2010,ses__age_65plus_pct,7.583032846450806,15.586832284927368,1668,1668,12.35212142347432,11.860787594918724,-0.4913338285555948,0.4913338285555948,2.723045281813816,-0.1804354234712976,False,True,False
polar_north_clockwise_equal_count__v2010,ses__age_under18_pct,16.65097427368164,27.346985340118408,1668,1668,10.584765796752857,14.857352982607964,4.272587185855107,4.272587185855107,2.181746411154513,1.9583335460119693,False,True,False
polar_north_clockwise_equal_count__v2010,ses__bachelors_or_higher_pct_25plus,13.402470588684082,54.08305263519287,1668,1668,15.015657343738656,9.449287749022888,-5.566369594715768,5.566369594715768,1.6886109782206848,-3.296419167297572,False,True,False
polar_north_clockwise_equal_count__v2010,ses__black_alone_pct,2.509754776954651,85.40440368652344,1668,1668,11.358893910472055,14.246540733378568,2.887646822906513,2.887646822906513,2.302060466249555,1.2543748807827697,False,True,False
polar_north_clockwise_equal_count__v2010,ses__commute_transit_pct,16.753844738006592,36.13604545593262,1668,1668,12.218274326633209,12.15510577349354,-0.0631685531396666,0.0631685531396666,2.733350660740897,-0.0231102997675915,False,True,False
polar_north_clockwise_equal_count__v2010,ses__commute_walk_pct,1.141521841287613,5.74018144607544,1668,1669,12.986008002317782,12.106597173278242,-0.8794108290395393,0.8794108290395393,2.5843102057517005,-0.3402884170337996,False,True,False
polar_north_clockwise_equal_count__v2010,ses__gross_rent_30plus_pct,37.81433296203613,58.18181991577149,1668,1669,10.330094729681951,13.973732424325185,3.64363769464323,3.64363769464323,2.166495969927277,1.6818114343252324,False,True,False
polar_north_clockwise_equal_count__v2010,ses__hispanic_latino_pct,4.045904755592346,42.29666328430176,1668,1668,13.395414647438542,13.766394276127254,0.3709796286887119,0.3709796286887119,2.223467979773779,0.166847299832245,False,True,False
polar_north_clockwise_equal_count__v2010,ses__log_income_nominal,10.438730001449583,11.194358110427856,1663,1663,15.101621897910205,9.559493937409218,-5.542127960500986,5.542127960500986,1.6844759154595483,-3.2901200365272167,False,True,False
polar_north_clockwise_equal_count__v2010,ses__male_pct,45.48704814910889,51.28004360198975,1668,1668,13.250642682436844,12.20639583932982,-1.044246843107025,1.044246843107025,2.581372784231963,-0.4045315924479,False,True,False
polar_north_clockwise_equal_count__v2010,ses__population_log1p,7.637354731559753,8.443707942962646,1668,1668,12.96669648819976,12.31287384890824,-0.653822639291521,0.653822639291521,2.6583042386371347,-0.2459547819201929,False,True,False
polar_north_clockwise_equal_count__v2010,ses__poverty_pct,9.964484691619871,29.566891193389893,1668,1668,9.87500384843035,15.257727884846052,5.382724036415704,5.382724036415704,1.7456657902358343,3.083479132445228,False,True,False
polar_north_clockwise_equal_count__v2010,ses__unemployment_pct,4.884132742881775,16.387988567352295,1668,1668,10.232097948769583,14.494320996945424,4.262223048175839,4.262223048175839,2.058508192446609,2.070539754864923,False,True,False
polar_north_clockwise_equal_count__v2020,ses__age_65plus_pct,8.985201120376587,17.852365016937256,435,435,13.252460576199937,13.157110084884469,-0.0953504913154681,0.0953504913154681,2.520221556465505,-0.0378341702025566,False,True,False
polar_north_clockwise_equal_count__v2020,ses__age_under18_pct,15.699170112609863,25.408905506134037,435,435,12.351926650124035,14.737009636012989,2.3850829858889515,2.3850829858889515,2.4720360901850054,0.9648253095327802,False,True,False
polar_north_clockwise_equal_count__v2020,ses__bachelors_or_higher_pct_25plus,16.74183940887451,60.80323314666748,435,435,15.612048863816534,11.097812025574433,-4.514236838242102,4.514236838242102,1.7643578468998171,-2.5585721434992017,False,True,False
polar_north_clockwise_equal_count__v2020,ses__black_alone_pct,2.450496196746826,73.8653335571289,435,435,12.134148018935631,15.794888663017886,3.660740644082255,3.660740644082255,1.9394442806959489,1.887520399796501,False,True,False
polar_north_clockwise_equal_count__v2020,ses__commute_transit_pct,10.829296588897703,26.46681404113769,435,435,12.75803170478207,14.214845565269734,1.4568138604876637,1.4568138604876637,2.460785689677853,0.592011676026277,False,True,False
polar_north_clockwise_equal_count__v2020,ses__commute_walk_pct,0.3149181082844734,4.993735909461975,435,435,14.421088911473063,13.40496532177103,-1.016123589702035,1.016123589702035,2.4936933944730924,-0.4074773554576215,False,True,False
polar_north_clockwise_equal_count__v2020,ses__gross_rent_30plus_pct,35.89820671081543,56.842495918273926,435,435,11.805125756099306,14.945670903962236,3.1405451478629285,3.1405451478629285,2.162380081210121,1.4523557514946226,False,True,False
polar_north_clockwise_equal_count__v2020,ses__hispanic_latino_pct,5.778132438659668,42.31549072265625,435,435,14.551551505340926,13.865928866945463,-0.6856226383954631,0.6856226383954631,2.2678681840937798,-0.3023203214385372,False,True,False
polar_north_clockwise_equal_count__v2020,ses__log_income_nominal,10.774195194244385,11.477464199066162,430,430,16.42109057626059,10.821479504607444,-5.599611071653145,5.599611071653145,1.4706464722973969,-3.8075847439429897,False,True,False
polar_north_clockwise_equal_count__v2020,ses__male_pct,45.15548706054688,51.8079891204834,435,435,14.555786847520148,13.225645032422296,-1.3301418150978517,1.3301418150978517,2.4586489606952595,-0.541005176567261,False,True,False
polar_north_clockwise_equal_count__v2020,ses__population_log1p,7.657637238502502,8.45297384262085,435,435,14.39609809305476,12.949873930832435,-1.4462241622223253,1.4462241622223253,2.433466541341931,-0.5943061626911901,False,True,False
polar_north_clockwise_equal_count__v2020,ses__poverty_pct,7.738703370094299,24.717863082885746,435,435,11.16709936953139,16.524517955999265,5.357418586467874,5.357418586467874,1.5323971577847857,3.496103186599806,False,True,False
polar_north_clockwise_equal_count__v2020,ses__unemployment_pct,3.991281688213349,12.599992513656616,435,435,11.703126341721108,15.950007274233062,4.246880932511955,4.246880932511955,1.881654881991808,2.2569924873877296,False,True,False
rotated45_recursive__v2010,ses__age_65plus_pct,7.583032846450806,15.586832284927368,1668,1668,11.91851563219258,11.716001421427556,-0.2025142107650257,0.2025142107650257,2.8846669512869485,-0.0702036714063913,False,True,False
rotated45_recursive__v2010,ses__age_under18_pct,16.65097427368164,27.346985340118408,1668,1668,9.920954270328547,14.732510576717,4.811556306388452,4.811556306388452,2.2020162699429813,2.1850684629650994,False,True,False
rotated45_recursive__v2010,ses__bachelors_or_higher_pct_25plus,13.402470588684082,54.08305263519287,1668,1668,14.954792263410646,8.911884986525244,-6.042907276885401,6.042907276885401,1.6342333637970037,-3.697701571117858,False,True,False
rotated45_recursive__v2010,ses__black_alone_pct,2.509754776954651,85.40440368652344,1668,1668,11.22294669271373,14.215620357069753,2.9926736643560226,2.9926736643560226,2.349303074177296,1.2738559350857823,False,True,False
rotated45_recursive__v2010,ses__commute_transit_pct,16.753844738006592,36.13604545593262,1668,1668,12.009176922644928,11.815082708708674,-0.1940942139362533,0.1940942139362533,2.798417933855673,-0.0693585513400528,False,True,False
rotated45_recursive__v2010,ses__commute_walk_pct,1.141521841287613,5.74018144607544,1668,1669,12.92515312138793,11.557881710127916,-1.367271411260015,1.367271411260015,2.7177988988877693,-0.5030804199013976,False,True,False
rotated45_recursive__v2010,ses__gross_rent_30plus_pct,37.81433296203613,58.18181991577149,1668,1669,9.96391540694294,13.84787264693062,3.88395723998768,3.88395723998768,2.305231452362389,1.6848448063674566,False,True,False
rotated45_recursive__v2010,ses__hispanic_latino_pct,4.045904755592346,42.29666328430176,1668,1668,13.222408431325311,13.511520772815036,0.289112341489723,0.289112341489723,2.305014432902882,0.1254275623452915,False,True,False
rotated45_recursive__v2010,ses__log_income_nominal,10.438730001449583,11.194358110427856,1663,1663,15.057450140232216,9.103518989526286,-5.95393115070593,5.95393115070593,1.769374624327689,-3.364991827532426,False,True,False
rotated45_recursive__v2010,ses__male_pct,45.48704814910889,51.28004360198975,1668,1668,13.109074507114126,11.805075512801428,-1.303998994312698,1.303998994312698,2.7223754141101817,-0.4789930835967804,False,True,False
rotated45_recursive__v2010,ses__population_log1p,7.637354731559753,8.443707942962646,1668,1668,12.865900990488432,12.016273583439617,-0.8496274070488177,0.8496274070488177,2.7548811483617537,-0.308408007929513,False,True,False
rotated45_recursive__v2010,ses__poverty_pct,9.964484691619871,29.566891193389893,1668,1668,9.581770808290806,15.164128233774674,5.582357425483869,5.582357425483869,1.8683523092049328,2.9878505236838384,False,True,False
rotated45_recursive__v2010,ses__unemployment_pct,4.884132742881775,16.387988567352295,1668,1668,9.751885374958851,14.495514989756852,4.743629614798,4.743629614798,2.11771198692075,2.239978639255593,False,True,False
rotated45_recursive__v2020,ses__age_65plus_pct,8.985201120376587,17.852365016937256,435,435,13.000750193102606,13.1190159578433,0.118265764740693,0.118265764740693,2.68523151389905,0.0440430421468453,False,True,False
rotated45_recursive__v2020,ses__age_under18_pct,15.699170112609863,25.408905506134037,435,435,11.795102808941367,14.919238934571716,3.124136125630347,3.124136125630347,2.496639563437354,1.2513364649757694,False,True,False
rotated45_recursive__v2020,ses__bachelors_or_higher_pct_25plus,16.74183940887451,60.80323314666748,435,435,15.88669099917357,10.65185532734312,-5.234835671830451,5.234835671830451,1.7584452230374217,-2.9769682917891203,False,True,False
rotated45_recursive__v2020,ses__black_alone_pct,2.450496196746826,73.8653335571289,435,435,12.1477701515987,15.770883652259563,3.623113500660864,3.623113500660864,2.061175411472642,1.757789987448117,False,True,False
rotated45_recursive__v2020,ses__commute_transit_pct,10.829296588897703,26.46681404113769,435,435,12.882185839510512,13.995774187986878,1.113588348476366,1.113588348476366,2.5106410303921045,0.4435474187651785,False,True,False
rotated45_recursive__v2020,ses__commute_walk_pct,0.3149181082844734,4.993735909461975,435,435,14.534736492990078,12.995266905598257,-1.539469587391821,1.539469587391821,2.628876122205371,-0.5855998973813783,False,True,False
rotated45_recursive__v2020,ses__gross_rent_30plus_pct,35.89820671081543,56.842495918273926,435,435,11.60739368570262,15.105281441787191,3.497887756084573,3.497887756084573,2.19017128687062,1.597084108011687,False,True,False
rotated45_recursive__v2020,ses__hispanic_latino_pct,5.778132438659668,42.31549072265625,435,435,14.32732240084944,14.12541021149734,-0.2019121893521021,0.2019121893521021,2.344997383596745,-0.0861033751101292,False,True,False
rotated45_recursive__v2020,ses__log_income_nominal,10.774195194244385,11.477464199066162,430,430,16.48927677952966,10.520975992291472,-5.968300787238189,5.968300787238189,1.5330575150797203,-3.893070369853561,False,True,False
rotated45_recursive__v2020,ses__male_pct,45.15548706054688,51.8079891204834,435,435,14.434828044628276,13.049432502395804,-1.3853955422324713,1.3853955422324713,2.618535990449424,-0.5290725608834169,False,True,False
rotated45_recursive__v2020,ses__population_log1p,7.657637238502502,8.45297384262085,435,435,14.363944030630178,12.919314633292714,-1.444629397337463,1.444629397337463,2.5452760309854643,-0.567572781792999,False,True,False
rotated45_recursive__v2020,ses__poverty_pct,7.738703370094299,24.717863082885746,435,435,11.090144684670983,16.458597450694818,5.368452766023832,5.368452766023832,1.6883993055512658,3.179610858860796,False,True,False
rotated45_recursive__v2020,ses__unemployment_pct,3.991281688213349,12.599992513656616,435,435,11.447886338727228,15.947478868769505,4.499592530042275,4.499592530042275,1.977510415221608,2.2753824684852706,False,True,False
y_equal_count_stripes__v2010,ses__age_65plus_pct,7.583032846450806,15.586832284927368,1668,1668,12.423669435137468,12.21625862761939,-0.2074108075180785,0.2074108075180785,3.0692575930488064,-0.0675768654894976,False,True,False
y_equal_count_stripes__v2010,ses__age_under18_pct,16.65097427368164,27.346985340118408,1668,1668,10.365226489176854,15.341134617368668,4.975908128191813,4.975908128191813,2.354192774910081,2.11363664914054,False,True,False
y_equal_count_stripes__v2010,ses__bachelors_or_higher_pct_25plus,13.402470588684082,54.08305263519287,1668,1668,15.668941399462218,9.24209515110766,-6.426846248354558,6.426846248354558,1.640025557443736,-3.918747619013884,False,True,False
y_equal_count_stripes__v2010,ses__black_alone_pct,2.509754776954651,85.40440368652344,1668,1668,11.290134829582929,15.470168905578356,4.180034075995428,4.180034075995428,2.2844471674404945,1.8297792724524933,False,True,False
y_equal_count_stripes__v2010,ses__commute_transit_pct,16.753844738006592,36.13604545593262,1668,1668,12.207309226909702,12.326860125688054,0.1195508987783515,0.1195508987783515,3.0854584570568564,0.0387465592041671,False,True,False
y_equal_count_stripes__v2010,ses__commute_walk_pct,1.141521841287613,5.74018144607544,1668,1669,13.533471615194417,12.128742759994864,-1.4047288551995545,1.4047288551995545,2.919891272506645,-0.4810894393316343,False,True,False
y_equal_count_stripes__v2010,ses__gross_rent_30plus_pct,37.81433296203613,58.18181991577149,1668,1669,10.21838304579115,14.627887976391005,4.409504930599855,4.409504930599855,2.4285283150871546,1.8157107344419032,False,True,False
y_equal_count_stripes__v2010,ses__hispanic_latino_pct,4.045904755592346,42.29666328430176,1668,1668,14.34775617968836,13.766590709880674,-0.5811654698076865,0.5811654698076865,2.439105725392944,-0.2382698969369438,False,True,False
y_equal_count_stripes__v2010,ses__log_income_nominal,10.438730001449583,11.194358110427856,1663,1663,15.8856601153091,9.293555791021038,-6.592104324288062,6.592104324288062,1.7080993071356645,-3.859321467287786,False,True,False
y_equal_count_stripes__v2010,ses__male_pct,45.48704814910889,51.28004360198975,1668,1668,13.940660248271566,12.117431373047314,-1.8232288752242525,1.8232288752242525,2.8837970565960087,-0.6322320327826275,False,True,False
y_equal_count_stripes__v2010,ses__population_log1p,7.637354731559753,8.443707942962646,1668,1668,13.557718419056716,12.19712103013512,-1.3605973889215957,1.3605973889215957,2.9191620809964998,-0.4660917589259503,False,True,False
y_equal_count_stripes__v2010,ses__poverty_pct,9.964484691619871,29.566891193389893,1668,1668,9.695875549202055,15.972441003762846,6.276565454560789,6.276565454560789,1.854299222975168,3.38487196499507,False,True,False
y_equal_count_stripes__v2010,ses__unemployment_pct,4.884132742881775,16.387988567352295,1668,1668,9.801720395362636,15.471569232231706,5.669848836869072,5.669848836869072,1.969999295302476,2.878096885815645,False,True,False
y_equal_count_stripes__v2020,ses__age_65plus_pct,8.985201120376587,17.852365016937256,435,435,13.618102643681668,13.586256157666789,-0.0318464860148814,0.0318464860148814,2.7125166996758594,-0.0117405677239469,False,True,False
y_equal_count_stripes__v2020,ses__age_under18_pct,15.699170112609863,25.408905506134037,435,435,12.386091496478551,15.524688089304956,3.138596592826405,3.138596592826405,2.510336205630212,1.2502694204015874,False,True,False
y_equal_count_stripes__v2020,ses__bachelors_or_higher_pct_25plus,16.74183940887451,60.80323314666748,435,435,16.55602796050324,11.172960648591491,-5.3830673119117485,5.3830673119117485,1.6793948336904456,-3.205361362272704,False,True,False
y_equal_count_stripes__v2020,ses__black_alone_pct,2.450496196746826,73.8653335571289,435,435,12.578740207628272,16.51791835653371,3.939178148905437,3.939178148905437,2.064465223573968,1.9080864641962811,False,True,False
y_equal_count_stripes__v2020,ses__commute_transit_pct,10.829296588897703,26.46681404113769,435,435,13.368604504376991,14.506940681632909,1.1383361772559155,1.1383361772559155,2.588998818648455,0.4396819994881904,False,True,False
y_equal_count_stripes__v2020,ses__commute_walk_pct,0.3149181082844734,4.993735909461975,435,435,15.144853795807936,13.641930497925856,-1.502923297882079,1.502923297882079,2.582609739423924,-0.5819397623031192,False,True,False
y_equal_count_stripes__v2020,ses__gross_rent_30plus_pct,35.89820671081543,56.842495918273926,435,435,12.123168950793389,15.737118677161206,3.613949726367819,3.613949726367819,2.229823523534426,1.6207335191439078,False,True,False
y_equal_count_stripes__v2020,ses__hispanic_latino_pct,5.778132438659668,42.31549072265625,435,435,14.999862467009446,14.653775625119264,-0.3460868418901821,0.3460868418901821,2.3826289269527576,-0.1452541929526587,False,True,False
y_equal_count_stripes__v2020,ses__log_income_nominal,10.774195194244385,11.477464199066162,430,430,17.079785675226255,11.02912637466608,-6.050659300560174,6.050659300560174,1.5051011071657188,-4.020101554475813,False,True,False
y_equal_count_stripes__v2020,ses__male_pct,45.15548706054688,51.8079891204834,435,435,14.991561775645993,13.630710229106333,-1.3608515465396582,1.3608515465396582,2.644751075925141,-0.5145480642497248,False,True,False
y_equal_count_stripes__v2020,ses__population_log1p,7.657637238502502,8.45297384262085,435,435,14.93367295977713,13.434225493463977,-1.4994474663131534,1.4994474663131534,2.582497707045828,-0.5806190891175668,False,True,False
y_equal_count_stripes__v2020,ses__poverty_pct,7.738703370094299,24.717863082885746,435,435,11.522072353582272,17.03827184918283,5.516199495600558,5.516199495600558,1.6944736764468582,3.255405836204831,False,True,False
y_equal_count_stripes__v2020,ses__unemployment_pct,3.991281688213349,12.599992513656616,435,435,11.870534943986211,16.611717660399687,4.7411827164134746,4.7411827164134746,1.921619338151757,2.467285076852743,False,True,False
