ses_variable,median_across_schemes,minimum,maximum
ses__age_65plus_pct,-0.03431848363897005,-0.1804354234712976,0.1040795733539425
ses__age_under18_pct,1.6048350054938694,0.9648253095327802,2.1850684629650994
ses__bachelors_or_higher_pct_25plus,-3.250890264785138,-4.130878847923412,-2.5585721434992017
ses__black_alone_pct,1.8586498361244972,1.2543748807827697,2.6707577192643126
ses__commute_transit_pct,0.3038347164522286,-0.0693585513400528,0.598431840845227
ses__commute_walk_pct,-0.5371496179252033,-0.694226099617177,-0.3402884170337996
ses__gross_rent_30plus_pct,1.6512724767345701,1.4523557514946226,1.8374152145420477
ses__hispanic_latino_pct,-0.19176204494480126,-0.664423336258262,0.166847299832245
ses__log_income_nominal,-3.8761959185706734,-4.239067806518048,-3.2901200365272167
ses__male_pct,-0.5350388687253389,-0.7146561061230936,-0.4045315924479
ses__population_log1p,-0.5327248105111678,-0.7750662224798708,-0.2459547819201929
ses__poverty_pct,3.318059299096636,2.9878505236838384,3.6539114618483177
ses__unemployment_pct,2.371333772669007,2.070539754864923,3.0846603450296946
