Dimension / variables,Objective source,Objective measure (O),Platform source,Platform measure (S),Signed discrepancy
"Green/blue space
O1 / S1 / D1",NLCD land cover,"Natural-green, canopy and water fractions; higher O = less provision",Maps/Flickr text; GSV,Green/blue adverse–favourable semantic contrast,D1 = S1 − O1
"Density/openness
O2 / S2 / D2",ACS; NLCD,Housing and population density; impervious cover; higher O = crowding,Maps/Flickr text; GSV,Crowded/enclosed versus open/uncrowded contrast,D2 = S2 − O2
"Access/walkability
O3 / S3 / D3",OSM pedestrian network,"Intersection, component and walkable-edge indicators; higher O = poorer access",Maps/Flickr text; GSV,Difficult access/walking versus easy walking contrast,D3 = S3 − O3
"Safety/order
O4 / S4 / D4",Public-safety records,Reported all/interpersonal incidents; higher O = greater burden,Maps/Flickr text; GSV,Unsafe/disorderly versus safe/orderly contrast,D4 = S4 − O4
"Cleanliness &
maintenance
O5 / S5 / D5",Chicago 311,Litter-request density and median closure time; higher O = poorer maintenance,Maps/Flickr text; GSV,Dirty/poorly maintained versus clean/maintained contrast,D5 = S5 − O5
"Social vitality
O6 / S6 / D6",OSM opportunities,Opportunity density and group Shannon diversity; higher O = fewer opportunities,Maps/Flickr text; GSV,Inactive/few opportunities versus lively/diverse contrast,D6 = S6 − O6
"Heat stress
O7 / S7 / D7",Landsat LST,Summer mean and 90th-percentile land-surface temperature; higher O = more heat,Maps/Flickr text; GSV,Hot/stuffy versus cool/comfortable contrast,D7 = S7 − O7
"Air pollution
O8 / S8 / D8",EPA monitors,"Interpolated NO₂, O₃ and PM₂.₅ anchors; higher O = more pollution",Maps/Flickr text; GSV,Polluted/fumes versus clean/fresh-air contrast,D8 = S8 − O8
"Noise
O9 / S9 / D9",Noise interface,Available mean dBA and share ≥55 dBA; higher O = more noise,Maps/Flickr text; GSV,Loud/disturbing versus quiet contrast,D9 = S9 − O9
"Traffic pressure
O10 / S10 / D10",Traffic interfaces,Directional VMT/day and inverse-speed anchors; higher O = more pressure,Maps/Flickr text; GSV,Congested/stressful versus smooth/low-pressure contrast,D10 = S10 − O10
