Family / dimension,Variable,Model field,Source and construction,Unit / interpretation
Objective · Green and blue space,Green and blue space,objective composite (within-year z-score),NLCD-derived land-cover fields; anchors: natural-green fraction; tree canopy; water fraction; supportive anchors multiplied by −1; each anchor within-year z-scored; available-anchor mean,dimension score; larger = more adverse objective condition
Platform expression · Green and blue space,Green and blue space platform-expression proxy,platform-expression proxy (within-year z-score),"Google Maps review text, Flickr author/comment text and GSV imagery; polarity: little greenery/water ↔ pleasant green-blue environment; fixed SigLIP2 contrast, within-year z-scoring and equal available-source/modality mean",proxy score; larger = more adverse place-linked expression; not resident self-report
Signed discrepancy · Green and blue space,Signed green and blue space discrepancy,platform expression − objective account,derived as platform-expression proxy − objective composite after aligned adverse orientation,signed standardized contrast; positive = S more adverse than O
Objective · Density and openness,Density and openness,objective composite (within-year z-score),ACS population/housing fields and NLCD impervious cover; anchors: housing density; impervious cover; population density; each adverse-oriented anchor within-year z-scored; available-anchor mean,dimension score; larger = more adverse objective condition
Platform expression · Density and openness,Density and openness platform-expression proxy,platform-expression proxy (within-year z-score),"Google Maps review text, Flickr author/comment text and GSV imagery; polarity: crowded/enclosed ↔ open/uncrowded; fixed SigLIP2 contrast, within-year z-scoring and equal available-source/modality mean",proxy score; larger = more adverse place-linked expression; not resident self-report
Signed discrepancy · Density and openness,Signed density and openness discrepancy,platform expression − objective account,derived as platform-expression proxy − objective composite after aligned adverse orientation,signed standardized contrast; positive = S more adverse than O
Objective · Access and walkability,Access and walkability,objective composite (within-year z-score),OpenStreetMap pedestrian-network extraction; anchors: intersection density; largest-component share; walkable-edge density; supportive anchors multiplied by −1; each anchor within-year z-scored; available-anchor mean,dimension score; larger = more adverse objective condition
Platform expression · Access and walkability,Access and walkability platform-expression proxy,platform-expression proxy (within-year z-score),"Google Maps review text, Flickr author/comment text and GSV imagery; polarity: difficult walking/access ↔ easy, comfortable walking/access; fixed SigLIP2 contrast, within-year z-scoring and equal available-source/modality mean",proxy score; larger = more adverse place-linked expression; not resident self-report
Signed discrepancy · Access and walkability,Signed access and walkability discrepancy,platform expression − objective account,derived as platform-expression proxy − objective composite after aligned adverse orientation,signed standardized contrast; positive = S more adverse than O
Objective · Safety and order,Safety and order,objective composite (within-year z-score),reported administrative public-safety records; anchors: all reported records; interpersonal reported records; each adverse-oriented anchor within-year z-scored; available-anchor mean,dimension score; larger = more adverse objective condition
Platform expression · Safety and order,Safety and order platform-expression proxy,platform-expression proxy (within-year z-score),"Google Maps review text, Flickr author/comment text and GSV imagery; polarity: unsafe/disorderly ↔ safe/orderly; fixed SigLIP2 contrast, within-year z-scoring and equal available-source/modality mean",proxy score; larger = more adverse place-linked expression; not resident self-report
Signed discrepancy · Safety and order,Signed safety and order discrepancy,platform expression − objective account,derived as platform-expression proxy − objective composite after aligned adverse orientation,signed standardized contrast; positive = S more adverse than O
Objective · Cleanliness and maintenance,Cleanliness and maintenance,objective composite (within-year z-score),Chicago 311 service-request records; anchors: 311 litter-event density; median close days; each adverse-oriented anchor within-year z-scored; available-anchor mean,dimension score; larger = more adverse objective condition
Platform expression · Cleanliness and maintenance,Cleanliness and maintenance platform-expression proxy,platform-expression proxy (within-year z-score),"Google Maps review text, Flickr author/comment text and GSV imagery; polarity: dirty/poorly maintained ↔ clean/well maintained; fixed SigLIP2 contrast, within-year z-scoring and equal available-source/modality mean",proxy score; larger = more adverse place-linked expression; not resident self-report
Signed discrepancy · Cleanliness and maintenance,Signed cleanliness and maintenance discrepancy,platform expression − objective account,derived as platform-expression proxy − objective composite after aligned adverse orientation,signed standardized contrast; positive = S more adverse than O
Objective · Social vitality and opportunity,Social vitality and opportunity,objective composite (within-year z-score),OpenStreetMap opportunity objects; anchors: opportunity density; opportunity-group Shannon diversity; supportive anchors multiplied by −1; each anchor within-year z-scored; available-anchor mean,dimension score; larger = more adverse objective condition
Platform expression · Social vitality and opportunity,Social vitality and opportunity platform-expression proxy,platform-expression proxy (within-year z-score),"Google Maps review text, Flickr author/comment text and GSV imagery; polarity: inactive/few opportunities ↔ lively/many opportunities; fixed SigLIP2 contrast, within-year z-scoring and equal available-source/modality mean",proxy score; larger = more adverse place-linked expression; not resident self-report
Signed discrepancy · Social vitality and opportunity,Signed social vitality and opportunity discrepancy,platform expression − objective account,derived as platform-expression proxy − objective composite after aligned adverse orientation,signed standardized contrast; positive = S more adverse than O
Objective · Heat stress,Heat stress,objective composite (within-year z-score),Landsat summer land-surface temperature; anchors: summer land-surface-temperature mean and 90th percentile; each adverse-oriented anchor within-year z-scored; available-anchor mean,dimension score; larger = more adverse objective condition
Platform expression · Heat stress,Heat stress platform-expression proxy,platform-expression proxy (within-year z-score),"Google Maps review text, Flickr author/comment text and GSV imagery; polarity: hot/stuffy ↔ cool/comfortable; fixed SigLIP2 contrast, within-year z-scoring and equal available-source/modality mean",proxy score; larger = more adverse place-linked expression; not resident self-report
Signed discrepancy · Heat stress,Signed heat stress discrepancy,platform expression − objective account,derived as platform-expression proxy − objective composite after aligned adverse orientation,signed standardized contrast; positive = S more adverse than O
Objective · Air pollution,Air pollution,objective composite (within-year z-score),"EPA monitor concentrations interpolated by IDW; anchors: IDW NO2, O3 and PM2.5 concentrations; each adverse-oriented anchor within-year z-scored; available-anchor mean",dimension score; larger = more adverse objective condition
Platform expression · Air pollution,Air pollution platform-expression proxy,platform-expression proxy (within-year z-score),"Google Maps review text, Flickr author/comment text and GSV imagery; polarity: polluted/smog/fumes ↔ clean/fresh air; fixed SigLIP2 contrast, within-year z-scoring and equal available-source/modality mean",proxy score; larger = more adverse place-linked expression; not resident self-report
Signed discrepancy · Air pollution,Signed air pollution discrepancy,platform expression − objective account,derived as platform-expression proxy − objective composite after aligned adverse orientation,signed standardized contrast; positive = S more adverse than O
Objective · Noise,Noise,objective composite (within-year z-score),annual environmental-noise availability interface; anchors: conditional mean dBA; share at or above 55 dBA; each adverse-oriented anchor within-year z-scored; available-anchor mean,dimension score; larger = more adverse objective condition
Platform expression · Noise,Noise platform-expression proxy,platform-expression proxy (within-year z-score),"Google Maps review text, Flickr author/comment text and GSV imagery; polarity: loud/disturbing ↔ quiet; fixed SigLIP2 contrast, within-year z-scoring and equal available-source/modality mean",proxy score; larger = more adverse place-linked expression; not resident self-report
Signed discrepancy · Noise,Signed noise discrepancy,platform expression − objective account,derived as platform-expression proxy − objective composite after aligned adverse orientation,signed standardized contrast; positive = S more adverse than O
Objective · Traffic pressure,Traffic pressure,objective composite (within-year z-score),"segment ADT/VMT, segment speed and regional congestion interfaces; anchors: directional VMT/day; regional and segment inverse speed; each adverse-oriented anchor within-year z-scored; available-anchor mean",dimension score; larger = more adverse objective condition
Platform expression · Traffic pressure,Traffic pressure platform-expression proxy,platform-expression proxy (within-year z-score),"Google Maps review text, Flickr author/comment text and GSV imagery; polarity: congested/stressful ↔ smooth/uncongested travel; fixed SigLIP2 contrast, within-year z-scoring and equal available-source/modality mean",proxy score; larger = more adverse place-linked expression; not resident self-report
Signed discrepancy · Traffic pressure,Signed traffic pressure discrepancy,platform expression − objective account,derived as platform-expression proxy − objective composite after aligned adverse orientation,signed standardized contrast; positive = S more adverse than O
SES,Age ≥65,ses__age_65plus_pct,ACS-derived tract-year socioeconomic panel; population aged 65 years or older; availability flag retained,percent; area-level context covariate
SES,Age <18,ses__age_under18_pct,ACS-derived tract-year socioeconomic panel; population younger than 18 years; availability flag retained,percent; area-level context covariate
SES,Higher education,ses__bachelors_or_higher_pct_25plus,ACS-derived tract-year socioeconomic panel; population aged ≥25 with a bachelor's degree or higher; availability flag retained,percent; area-level context covariate
SES,Black population,ses__black_alone_pct,ACS-derived tract-year socioeconomic panel; population reporting Black race alone; availability flag retained,percent; area-level context covariate
SES,Transit commute,ses__commute_transit_pct,ACS-derived tract-year socioeconomic panel; workers commuting by public transport; availability flag retained,percent; area-level context covariate
SES,Walk commute,ses__commute_walk_pct,ACS-derived tract-year socioeconomic panel; workers commuting by walking; availability flag retained,percent; area-level context covariate
SES,Rent burden,ses__gross_rent_30plus_pct,ACS-derived tract-year socioeconomic panel; renter households spending ≥30% of income on gross rent; availability flag retained,percent; area-level context covariate
SES,Hispanic/Latino,ses__hispanic_latino_pct,ACS-derived tract-year socioeconomic panel; population of Hispanic or Latino ethnicity; availability flag retained,percent; area-level context covariate
SES,Log income,ses__log_income_nominal,ACS-derived tract-year socioeconomic panel; positive natural log of nominal median household income (ACS B19013); availability flag retained,ln(nominal USD); area-level context covariate
SES,Male population,ses__male_pct,ACS-derived tract-year socioeconomic panel; male population share; availability flag retained,percent; area-level context covariate
SES,Population size,ses__population_log1p,ACS-derived tract-year socioeconomic panel; log1p transformation of total population; availability flag retained,log count; area-level context covariate
SES,Poverty,ses__poverty_pct,ACS-derived tract-year socioeconomic panel; population below the poverty threshold; availability flag retained,percent; area-level context covariate
SES,Unemployment,ses__unemployment_pct,ACS-derived tract-year socioeconomic panel; unemployed share of the civilian labour force; availability flag retained,percent; area-level context covariate
