n_tract_years,n_tracts,p10,p90,response_p10,response_p90,p90_minus_p10,model_r2,cluster_robust,scenario,moderator,panel_family
8202,883,25.625,107.23980000000006,-0.06052296172070378,-0.0661049330828434,-0.005581971362139622,0.0005182536109593627,True,joint_six_dimensions,mod__median_household_income,package_by_moderator
8240,885,5.644481229155104,39.47507297028638,-0.039474507771462976,-0.06242816768222645,-0.022953659910763473,0.0008778671702176499,True,joint_six_dimensions,mod__poverty_pct,package_by_moderator
8240,884,42.124925270913955,53.823556754909646,0.04617453160997943,-0.13390247539013797,-0.18007700700011742,0.03782243595124157,True,joint_six_dimensions,mod__male_pct,package_by_moderator
8325,885,0.7704458019824477,95.54520925496075,-0.13268917500014624,0.11592532377748682,0.24861449877763306,0.07912898938835755,True,joint_six_dimensions,mod__black_alone_pct,package_by_moderator
8325,883,1.0592114467846658,76.1212116102901,0.057095468484036335,-0.19419725616150546,-0.2512927246455418,0.10002682454732492,True,joint_six_dimensions,mod__hispanic_latino_pct,package_by_moderator
8240,885,8.447305231822147,77.53637136335254,-0.17821760130328795,-0.10018061169648396,0.078036989606804,0.0681239951870809,True,joint_six_dimensions,mod__bachelors_or_higher_pct,package_by_moderator
8240,884,9.61818173699974,42.766926960336704,-0.07208250051368846,-0.013121001186732196,0.05896149932695627,0.005064435863056382,True,joint_six_dimensions,ses__commute_transit_pct,package_by_moderator
8325,885,0.0,9.982612005202562,0.005816786804049977,-0.12753824347782947,-0.13335503028187945,0.018916431124840205,True,joint_six_dimensions,ses__commute_walk_pct,package_by_moderator
8240,884,29.357439092263775,65.41490610328638,-0.06737179904791181,-0.04487245076140282,0.022499348286508992,0.0006166781176343283,True,joint_six_dimensions,ses__gross_rent_30plus_pct,package_by_moderator
8240,883,10.734994715256486,31.025680292142773,-0.033909010216486374,-0.14158559846901306,-0.10767658825252668,0.04025182694327134,True,joint_six_dimensions,mod__age_under18_pct,package_by_moderator
8240,881,5.293572851501066,20.3680374602157,-0.15520128769692876,0.08689304766977601,0.24209433536670477,0.061242072532065484,True,joint_six_dimensions,mod__age_65plus_pct,package_by_moderator
8240,885,2.761633829478339,23.77477983546552,-0.055577570113050645,0.007593283932138043,0.06317085404518868,0.02605328808512697,True,joint_six_dimensions,ses__unemployment_pct,package_by_moderator
8240,876,3.17666993266815,3.770041554319669,-0.07437267503502179,-0.0785153209560441,-0.004142645921022314,0.006744912835721761,True,joint_six_dimensions,mod__population,package_by_moderator
8202,883,25.625,107.23980000000006,0.03998340594885416,-0.0021295307752052205,-0.042112936724059385,0.04372827707728999,True,D1_green_water_plus_1sd,mod__median_household_income,strategy_by_income
8202,883,25.625,107.23980000000006,-0.1470918469849483,-0.03239704572125349,0.1146948012636948,0.18928336737330376,True,D5_clean_maintenance_minus_1sd,mod__median_household_income,strategy_by_income
8202,883,25.625,107.23980000000006,0.08739030987187374,-0.008001917934761682,-0.09539222780663542,0.030022632736576904,True,D7_heat_mitigation_minus_1sd,mod__median_household_income,strategy_by_income
8202,883,25.625,107.23980000000006,-0.11620464182248905,0.059757924495534506,0.17596256631802354,0.11692701855351695,True,D8_air_pollution_minus_1sd,mod__median_household_income,strategy_by_income
8202,883,25.625,107.23980000000006,0.04442692507578343,0.012754208947392418,-0.03167271612839101,0.05727116605652338,True,D9_noise_mitigation_minus_1sd,mod__median_household_income,strategy_by_income
8202,883,25.625,107.23980000000006,0.03097288550546513,-0.09608857167015575,-0.12706145717562087,0.12669776052822035,True,D10_traffic_pressure_minus_1sd,mod__median_household_income,strategy_by_income
8202,883,25.625,107.23980000000006,-0.06052296172070378,-0.0661049330828434,-0.005581971362139622,0.0005182536109593627,True,joint_six_dimensions,mod__median_household_income,strategy_by_income
