fold_id,scheme,boundary_vintage,block,outer_test_rows,full_r2,os_only_r2,delta_r2_full_minus_os,full_rmse,os_only_rmse,delta_rmse_full_minus_os,full_mae,os_only_mae,delta_mae_full_minus_os,full_better_r2,full_better_rmse,full_better_mae
axis_recursive__v2010__B1,axis_recursive,v2010,B1,1636,0.5282511733273474,0.4834779093861321,0.0447732639412152,2.0361739554849043,2.1306097685482657,-0.0944358130633613,1.5004473880917053,1.585852766969676,-0.0854053788779707,True,True,True
axis_recursive__v2010__B2,axis_recursive,v2010,B2,1612,0.1756027728276475,0.1977612729937208,-0.0221585001660732,1.8894113969125843,1.8638462364133208,0.0255651604992634,1.4673337877240429,1.4446733734447963,0.0226604142792465,False,False,False
axis_recursive__v2010__B3,axis_recursive,v2010,B3,1740,0.4945909727233351,0.5097229661541596,-0.0151319934308244,2.22781821052713,2.194214230006076,0.0336039805210544,1.720947725471409,1.687355404064573,0.0335923214068358,False,False,False
axis_recursive__v2010__B4,axis_recursive,v2010,B4,1712,0.4684641433208387,0.4099183274000575,0.0585458159207812,2.2060706269810155,2.324391035602401,-0.1183204086213853,1.6865841442736509,1.750581759158696,-0.0639976148850451,True,True,True
axis_recursive__v2020__B1,axis_recursive,v2020,B1,436,-1.117770018702835,-1.01480504148206,-0.102964977220775,4.106594401429588,4.005520210039474,0.101074191390114,3.891041873791896,3.792210690472104,0.0988311833197914,False,False,False
axis_recursive__v2020__B2,axis_recursive,v2020,B2,436,-1.6661060752372665,-1.7689989773412638,0.1028929021039974,2.858462859068768,2.9130989661232536,-0.0546361070544856,2.7166338863722777,2.77476153679944,-0.0581276504271617,True,True,True
axis_recursive__v2020__B3,axis_recursive,v2020,B3,434,0.2771871237465714,0.2040163512003853,0.073170772546186,2.512555420321549,2.6366639597311803,-0.1241085394096312,2.066739585542459,2.186899637846353,-0.1201600523038943,True,True,True
axis_recursive__v2020__B4,axis_recursive,v2020,B4,434,-0.9460442662057208,-0.668816901696925,-0.2772273645087959,3.597684724340433,3.331586469062544,0.2660982552778894,3.311912573977,3.0384198454667897,0.2734927285102104,False,False,False
rotated45_recursive__v2010__B1,rotated45_recursive,v2010,B1,1676,-0.1330061918040472,-0.1018149910399683,-0.0311912007640788,3.2905057452017195,3.2448965095614497,0.0456092356402697,2.5460832443328347,2.5149147706839803,0.0311684736488544,False,False,False
rotated45_recursive__v2010__B2,rotated45_recursive,v2010,B2,1636,0.3989779741866414,0.3993966981992649,-0.0004187240126235,2.1493987756931907,2.1486499165404505,0.0007488591527402,1.6007754184797516,1.5954167248275868,0.0053586936521647,False,False,False
rotated45_recursive__v2010__B3,rotated45_recursive,v2010,B3,1712,0.4105841121067175,0.3532805835041643,0.0573035286025531,2.4742467919935294,2.5917317360131977,-0.1174849440196683,1.871346036964488,1.955421709290175,-0.0840756723256868,True,True,True
rotated45_recursive__v2010__B4,rotated45_recursive,v2010,B4,1676,0.2692986967499003,0.2798036410110298,-0.0105049442611294,1.8366649672878224,1.823414743560625,0.0132502237271976,1.4254217881860485,1.413727103099049,0.0116946850869992,False,False,False
rotated45_recursive__v2020__B1,rotated45_recursive,v2020,B1,436,-0.9919428567165632,-0.598296133367548,-0.393646723349015,4.195120288156851,3.75780815559653,0.4373121325603204,3.8655651534369233,3.406344523123645,0.4592206303132782,False,False,False
rotated45_recursive__v2020__B2,rotated45_recursive,v2020,B2,436,-0.4645161280355225,-0.5576948362417418,0.0931787082062192,3.334051236782078,3.4384790325414047,-0.1044277957593267,3.120523594935006,3.237697885670793,-0.1171742907357868,True,True,True
rotated45_recursive__v2020__B3,rotated45_recursive,v2020,B3,434,-1.1196237837687717,-0.973188212005849,-0.1464355717629224,4.017650203786487,3.8763857323918254,0.1412644713946615,3.700672697911065,3.549147987145982,0.151524710765083,False,False,False
rotated45_recursive__v2020__B4,rotated45_recursive,v2020,B4,434,-0.7359456256423522,-0.6402137684728413,-0.0957318571695109,2.5793057903009218,2.50717703292364,0.0721287573772824,2.383413974041213,2.3092610012001704,0.074152972841043,False,False,False
y_equal_count_stripes__v2010__B1,y_equal_count_stripes,v2010,B1,1652,0.295618855603415,0.3694665000051195,-0.0738476444017044,2.4672481181742727,2.3343342824261013,0.1329138357481714,1.912717243372384,1.798731314067979,0.1139859293044047,False,False,False
y_equal_count_stripes__v2010__B2,y_equal_count_stripes,v2010,B2,1732,0.5846967795637927,0.5795415078370879,0.0051552717267048,2.0525415228517976,2.065241609832876,-0.012700086981078,1.5172836202396809,1.525788811007493,-0.0085051907678124,True,True,True
y_equal_count_stripes__v2010__B3,y_equal_count_stripes,v2010,B3,1680,0.6013808633475162,0.6087964393369307,-0.0074155759894145,2.223659811500929,2.202879160563082,0.0207806509378465,1.704157581215813,1.7068995643229712,-0.0027419831071582,False,False,True
y_equal_count_stripes__v2010__B4,y_equal_count_stripes,v2010,B4,1636,-0.4241719367545884,-0.4650498246331287,0.0408778878785403,2.45866928168427,2.493705141728576,-0.0350358600443057,1.9807379140830568,1.994373878814772,-0.0136359647317152,True,True,True
y_equal_count_stripes__v2020__B1,y_equal_count_stripes,v2020,B1,436,-0.3382758549865001,0.0047658269875954,-0.3430416819740955,3.2674858572313203,2.8177569855619256,0.4497288716693948,2.8960454857677496,2.467386418526326,0.4286590672414236,False,False,False
y_equal_count_stripes__v2020__B2,y_equal_count_stripes,v2020,B2,434,0.0357264151345655,-0.0172997308057762,0.0530261459403418,2.95111675730877,3.0311729871184903,-0.08005622980972,2.5706823014993274,2.667866792546989,-0.0971844910476611,True,True,True
y_equal_count_stripes__v2020__B3,y_equal_count_stripes,v2020,B3,434,-0.2429539145335018,-0.1758589534044909,-0.0670949611290108,3.3497212442002384,3.258057686457565,0.0916635577426734,3.08041722543778,2.9780861089855843,0.1023311164521953,False,False,False
y_equal_count_stripes__v2020__B4,y_equal_count_stripes,v2020,B4,436,-1.2665570507870956,-1.2415537905323886,-0.025003260254707,2.66322581040187,2.648495541182889,0.0147302692189805,2.4477702751072177,2.4229000336533293,0.0248702414538883,False,False,False
polar_north_clockwise_equal_count__v2010__B1,polar_north_clockwise_equal_count,v2010,B1,1720,0.3304069471386623,0.3580324082779049,-0.0276254611392425,2.3242031002426877,2.275753182373234,0.048449917869453,1.7870317780694296,1.7481783573017564,0.0388534207676731,False,False,False
polar_north_clockwise_equal_count__v2010__B2,polar_north_clockwise_equal_count,v2010,B2,1740,-0.2318802920611939,-0.1580842368551096,-0.0737960552060843,3.373099080802917,3.2705057705895046,0.1025933102134128,2.592308866840669,2.5115557569196856,0.0807531099209839,False,False,False
polar_north_clockwise_equal_count__v2010__B3,polar_north_clockwise_equal_count,v2010,B3,1580,0.4801936875682377,0.4358185023021194,0.0443751852661183,2.0986531950617446,2.18639850603434,-0.0877453109725951,1.5463855230355563,1.6260928322997277,-0.0797073092641709,True,True,True
polar_north_clockwise_equal_count__v2010__B4,polar_north_clockwise_equal_count,v2010,B4,1660,0.2830476844349926,0.2775318733311356,0.005515811103857,1.8233742233279195,1.830374771140967,-0.0070005478130477,1.405363577532481,1.4242270937885146,-0.0188635162560335,True,True,True
polar_north_clockwise_equal_count__v2020__B1,polar_north_clockwise_equal_count,v2020,B1,436,-0.4558379342251146,-0.3303936152784648,-0.1254443189466498,3.035114140629211,2.901406558203442,0.1337075824257692,2.6185940340024616,2.504757157159508,0.1138368768429538,False,False,False
polar_north_clockwise_equal_count__v2020__B2,polar_north_clockwise_equal_count,v2020,B2,434,-0.8529470054500845,-0.6042699708166643,-0.2486770346334201,4.002750997678687,3.724481336063144,0.2782696616155427,3.5872131822296,3.3008870023736208,0.2863261798559793,False,False,False
polar_north_clockwise_equal_count__v2020__B3,polar_north_clockwise_equal_count,v2020,B3,436,-0.9928202471321554,-1.0196567315209104,0.0268364843887549,3.96580308069148,3.992416694970762,-0.0266136142792823,3.7596438062300375,3.7911693371764015,-0.031525530946364,True,True,True
polar_north_clockwise_equal_count__v2020__B4,polar_north_clockwise_equal_count,v2020,B4,434,-1.606037991190466,-1.7882382281929168,0.1822002370024509,3.06235854482449,3.167601970262321,-0.1052434254378309,2.846471993055212,2.956405773690219,-0.1099337806350075,True,True,True
