health_reference_year,outer_evaluations,full_r2,full_rmse,full_mae,os_only_r2,os_only_rmse,os_only_mae,delta_r2_full_minus_os,delta_rmse_full_minus_os,delta_mae_full_minus_os
2014,3212,0.8055478432166705,1.6184756599309853,1.262968055634837,0.8138931903977051,1.5833645682855066,1.2352695380468595,-0.008345347181034635,0.035111091645478654,0.02769851758797759
2015,3212,0.8045473325801245,1.4824449645744098,1.1656124323124013,0.8137851537210512,1.446988000968032,1.1410964017787282,-0.00923782114092675,0.035456963606377734,0.024516030533673128
2016,3212,0.8128583864085484,1.3433498900458378,1.0273184549170147,0.8215766652833089,1.3116857040764307,1.0043993702861174,-0.00871827887476051,0.03166418596940712,0.022919084630897313
2017,3212,0.7817118566491366,1.53913696941878,1.1437948348364824,0.781475418387944,1.5399703000208111,1.1388765408716641,0.00023643826119257305,-0.0008333306020311682,0.004918293964818243
2018,3488,0.6356364405111219,1.9554871299860717,1.48041840977625,0.6319547550046077,1.9653418383742474,1.486733399126508,0.003681685506514154,-0.009854708388175704,-0.006314989350257871
2019,3488,0.021783337611046116,3.2771545496324417,2.8004696257070663,0.02221832005095492,3.2764258444072176,2.828128189532035,-0.00043498243990880425,0.0007287052252240578,-0.027658563824968674
2020,3488,0.1745026426447015,1.951527839721144,1.5325486206133432,0.1632455818184242,1.96478898428351,1.5466018994466975,0.01125706082627731,-0.013261144562366045,-0.014053278833354277
2021,3488,-0.7678797476863863,3.988983619772327,3.549612352607447,-0.7828867978846796,4.005878539786019,3.5812932751867748,0.015007050198293292,-0.01689492001369164,-0.03168092257932775
2022,3480,-0.3613462372939751,3.648752405023596,3.296291392699055,-0.28899547129642467,3.55046955009507,3.2063691729786754,-0.07235076599755041,0.09828285492852595,0.08992221972037973
2023,3480,-0.20177698183635728,3.109515697742186,2.812134443343371,-0.11904095710702212,3.0005702835782686,2.7170612887404433,-0.08273602472933517,0.10894541416391723,0.09507315460292753
