family,partition_scheme,outer_test_block,n_clusters,n_rows,point_mae_gain,point_rmse_gain,mae_ci_low,mae_ci_high,rmse_ci_low,rmse_ci_high
multiscale_graph_fusion_mobility,axis_recursive,B1,218,2016,0.0149243624771,0.0209923361932,0.0102486858095,0.0194931046823,0.0162932506345,0.0251905961574
multiscale_graph_fusion_mobility,axis_recursive,B2,217,1978,0.00482582190263,0.00531916878983,0.00188128979109,0.00767876358356,0.00214015204004,0.00878263801123
multiscale_graph_fusion_mobility,axis_recursive,B3,217,2070,0.0299809853562,0.0299190090003,0.0255581377753,0.0346649711875,0.0255996736801,0.0342509012257
multiscale_graph_fusion_mobility,axis_recursive,B4,217,2074,0.0162415492796,0.0232583702364,0.00991024954891,0.0222250010241,0.0150532441072,0.0310280916156
multiscale_graph_fusion_mobility,rotated45_recursive,B1,218,2032,0.0312790921921,0.0337323659363,0.0266375738646,0.0360767539742,0.029493027758,0.0381025786377
multiscale_graph_fusion_mobility,rotated45_recursive,B2,217,1998,0.021018072241,0.0252862750221,0.0176088907242,0.0247840021116,0.0215653462976,0.0289154482083
multiscale_graph_fusion_mobility,rotated45_recursive,B3,217,2066,0.0428470340009,0.0497698171602,0.0359486125056,0.050260749348,0.0412062962532,0.0600292806451
multiscale_graph_fusion_mobility,rotated45_recursive,B4,217,2042,0.00554413599317,0.00659568708409,0.0014672157497,0.00957040978873,0.00150264504975,0.011787362382
multiscale_graph_fusion_mobility,x_equal_count_stripes,B1,218,1920,0.0127221268652,0.0151807398711,0.00853886851979,0.0166721794971,0.0104440405927,0.0196002527938
multiscale_graph_fusion_mobility,x_equal_count_stripes,B2,217,2074,0.00915537484711,0.00983030462793,0.00553190992913,0.012715812771,0.00592895295476,0.0135444299157
multiscale_graph_fusion_mobility,x_equal_count_stripes,B3,217,2110,0.0219958655801,0.025102045769,0.0180835233626,0.0265420697,0.0213301251681,0.0292582702878
multiscale_graph_fusion_mobility,x_equal_count_stripes,B4,217,2034,0.0293540746323,0.0274679295121,0.0231803660893,0.036104665282,0.0221369931305,0.0332614405507
multiscale_graph_fusion_mobility,y_equal_count_stripes,B1,218,2024,0.0274580396459,0.0297817799964,0.0225478424768,0.0323368194514,0.0252330186591,0.0343677355343
multiscale_graph_fusion_mobility,y_equal_count_stripes,B2,217,2054,0.0180885731844,0.0198419328421,0.0145940741114,0.0218896668065,0.0165531633961,0.0233822542073
multiscale_graph_fusion_mobility,y_equal_count_stripes,B3,217,2050,0.0139529144881,0.0160278327886,0.00905880096932,0.0189038096996,0.0101139085507,0.0227914115879
multiscale_graph_fusion_mobility,y_equal_count_stripes,B4,217,2010,0.00664004427371,0.00871215041273,0.00219448818374,0.0110065758273,0.00301822040882,0.0142280006171
multiscale_graph_fusion_four,axis_recursive,B1,218,2016,0.00722269423737,0.010848660014,0.00334346056889,0.0111139668443,0.00668249953839,0.0151600290805
multiscale_graph_fusion_four,axis_recursive,B2,217,1978,0.0030331580842,0.00229653994645,0.000231860202496,0.00579292361566,-0.000933594839579,0.00528537725818
multiscale_graph_fusion_four,axis_recursive,B3,217,2070,0.0159648847689,0.0166465276503,0.012452144969,0.0194267569207,0.0127101933211,0.020604296782
multiscale_graph_fusion_four,axis_recursive,B4,217,2074,0.0248810768015,0.0313270346762,0.0189694492252,0.0309267511534,0.0229160982542,0.039898008377
multiscale_graph_fusion_four,rotated45_recursive,B1,218,2032,0.0170630591651,0.0195356555228,0.0140107665043,0.0198386233537,0.0162922886578,0.0225388849803
multiscale_graph_fusion_four,rotated45_recursive,B2,217,1998,0.00984787273456,0.0119925225437,0.0073369433785,0.0123425799029,0.00976742281897,0.0142839487546
multiscale_graph_fusion_four,rotated45_recursive,B3,217,2066,0.0398297648232,0.044871815285,0.0333723626383,0.0466090061178,0.0353480526987,0.0547316488672
multiscale_graph_fusion_four,rotated45_recursive,B4,217,2042,0.00435634547784,0.0034237367479,0.000931038395083,0.00806590301432,-0.000362966027622,0.00740214448763
multiscale_graph_fusion_four,x_equal_count_stripes,B1,218,1920,0.0113509841288,0.0122685421566,0.00820259700928,0.014384042223,0.00895777450897,0.0155008980793
multiscale_graph_fusion_four,x_equal_count_stripes,B2,217,2074,0.00859901852684,0.00812336118314,0.0055663292774,0.0114317358103,0.00490089377161,0.0112597838105
multiscale_graph_fusion_four,x_equal_count_stripes,B3,217,2110,0.0150980218513,0.0169905345138,0.0116164224317,0.0185298510619,0.0134984877556,0.0205102646359
multiscale_graph_fusion_four,x_equal_count_stripes,B4,217,2034,0.0199161688097,0.019235410303,0.0147511649828,0.0257928561579,0.0142144670718,0.0245820094434
multiscale_graph_fusion_four,y_equal_count_stripes,B1,218,2024,0.015471693716,0.0176631814769,0.0123622926822,0.0186318096089,0.0141861657205,0.0209034906783
multiscale_graph_fusion_four,y_equal_count_stripes,B2,217,2054,0.00989948530852,0.0104883862122,0.00705132971149,0.0125574733768,0.0074487784738,0.0135043112785
multiscale_graph_fusion_four,y_equal_count_stripes,B3,217,2050,0.0131682718797,0.0164785821278,0.00906676113919,0.0174431955497,0.010620062027,0.0225454004533
multiscale_graph_fusion_four,y_equal_count_stripes,B4,217,2010,0.00274530482097,0.00200806866901,-0.00140136702869,0.00675532013627,-0.00269282021256,0.00623818106956
