model,partition_scheme,spatial_block,n_predictions,mae,rmse,r2,ridge_mae,delta_mae_vs_ridge,fold_label
ridge_anchor,axis_recursive,B1,2016,0.923114549239,1.22397395943,0.848421143209,0.923114549239,0.0,A1
ridge_anchor,axis_recursive,B2,1978,0.675442748194,0.851585383303,0.866223504013,0.675442748194,0.0,A2
ridge_anchor,axis_recursive,B3,2070,1.17108421629,1.46434782025,0.81169582777,1.17108421629,0.0,A3
ridge_anchor,axis_recursive,B4,2074,1.02253893253,1.34746059517,0.829766896838,1.02253893253,0.0,A4
ridge_anchor,rotated45_recursive,B1,2032,1.1657662159,1.46381591032,0.8094335153,1.1657662159,0.0,R1
ridge_anchor,rotated45_recursive,B2,1998,0.942645580063,1.22963279335,0.823412809469,0.942645580063,0.0,R2
ridge_anchor,rotated45_recursive,B3,2066,1.11397175484,1.41015716933,0.837819630917,1.11397175484,0.0,R3
ridge_anchor,rotated45_recursive,B4,2042,0.690708736394,0.885884565637,0.866277595552,0.690708736394,0.0,R4
ridge_anchor,x_equal_count_stripes,B1,1920,0.76864658665,0.999988121329,0.885116183537,0.76864658665,0.0,X1
ridge_anchor,x_equal_count_stripes,B2,2074,0.768077904715,1.00604347679,0.905528714054,0.768077904715,0.0,X2
ridge_anchor,x_equal_count_stripes,B3,2110,0.915626673316,1.21146522477,0.886704084759,0.915626673316,0.0,X3
ridge_anchor,x_equal_count_stripes,B4,2034,1.16821356203,1.46844943043,0.857714941947,1.16821356203,0.0,X4
ridge_anchor,y_equal_count_stripes,B1,2024,1.10150833849,1.36582382119,0.818891676188,1.10150833849,0.0,Y1
ridge_anchor,y_equal_count_stripes,B2,2054,0.986890009877,1.2875987255,0.847799554871,0.986890009877,0.0,Y2
ridge_anchor,y_equal_count_stripes,B3,2050,0.918396334155,1.20979178244,0.893093714934,0.918396334155,0.0,Y3
ridge_anchor,y_equal_count_stripes,B4,2010,0.719031039721,0.928912682407,0.851382304138,0.719031039721,0.0,Y4
gtwr_kernel,axis_recursive,B1,2016,0.860670997879,1.14285167708,0.867847917603,0.923114549239,-0.0624435513599,A1
gtwr_kernel,axis_recursive,B2,1978,0.645416794599,0.81525005814,0.87739587109,0.675442748194,-0.0300259535947,A2
gtwr_kernel,axis_recursive,B3,2070,1.02944449861,1.35189340947,0.839506904239,1.17108421629,-0.141639717682,A3
gtwr_kernel,axis_recursive,B4,2074,0.908721003165,1.23410540525,0.8572038897,1.02253893253,-0.113817929361,A4
gtwr_kernel,rotated45_recursive,B1,2032,1.06515820342,1.37711936123,0.831338186876,1.1657662159,-0.100608012476,R1
gtwr_kernel,rotated45_recursive,B2,1998,0.852434774239,1.11880980425,0.853808928197,0.942645580063,-0.0902108058238,R2
gtwr_kernel,rotated45_recursive,B3,2066,0.924015262217,1.22143807916,0.878323655007,1.11397175484,-0.189956492625,R3
gtwr_kernel,rotated45_recursive,B4,2042,0.638361986548,0.828582448748,0.883017374033,0.690708736394,-0.0523467498468,R4
gtwr_kernel,x_equal_count_stripes,B1,1920,0.704937603669,0.913581826027,0.904112040862,0.76864658665,-0.063708982981,X1
gtwr_kernel,x_equal_count_stripes,B2,2074,0.696015335006,0.915118392966,0.921833458516,0.768077904715,-0.0720625697087,X2
gtwr_kernel,x_equal_count_stripes,B3,2110,0.770855431875,1.04521782074,0.915665367017,0.915626673316,-0.144771241441,X3
gtwr_kernel,x_equal_count_stripes,B4,2034,1.11991437444,1.47774105349,0.855908626022,1.16821356203,-0.0482991875893,X4
gtwr_kernel,y_equal_count_stripes,B1,2024,1.01695291136,1.28846549453,0.83882613139,1.10150833849,-0.0845554271251,Y1
gtwr_kernel,y_equal_count_stripes,B2,2054,0.933669053879,1.22209979296,0.862890297865,0.986890009877,-0.0532209559978,Y2
gtwr_kernel,y_equal_count_stripes,B3,2050,0.803425958717,1.07458636351,0.915653973496,0.918396334155,-0.114970375438,Y3
gtwr_kernel,y_equal_count_stripes,B4,2010,0.626021431105,0.806797720798,0.8878885255,0.719031039721,-0.0930096086152,Y4
gnnwr_spatial,axis_recursive,B1,2016,0.920941027194,1.22133867379,0.849073156364,0.923114549239,-0.00217352204451,A1
gnnwr_spatial,axis_recursive,B2,1978,0.669539199822,0.842911612424,0.868934770265,0.675442748194,-0.00590354837178,A2
gnnwr_spatial,axis_recursive,B3,2070,1.14835398251,1.44576870274,0.816443786255,1.17108421629,-0.0227302337828,A3
gnnwr_spatial,axis_recursive,B4,2074,1.01312199151,1.33907672362,0.831878680191,1.02253893253,-0.00941694101792,A4
gnnwr_spatial,rotated45_recursive,B1,2032,1.13460681611,1.43440447563,0.81701442307,1.1657662159,-0.0311593997891,R1
gnnwr_spatial,rotated45_recursive,B2,1998,0.913022029031,1.19295047854,0.833791528881,0.942645580063,-0.0296235510315,R2
gnnwr_spatial,rotated45_recursive,B3,2066,1.09853767566,1.393466403,0.841636077824,1.11397175484,-0.0154340791821,R3
gnnwr_spatial,rotated45_recursive,B4,2042,0.687834184662,0.881051797713,0.867732608156,0.690708736394,-0.00287455173213,R4
gnnwr_spatial,x_equal_count_stripes,B1,1920,0.762075595747,0.991916469853,0.886963324783,0.76864658665,-0.00657099090291,X1
gnnwr_spatial,x_equal_count_stripes,B2,2074,0.757190900564,0.990181454189,0.90848423722,0.768077904715,-0.0108870041507,X2
gnnwr_spatial,x_equal_count_stripes,B3,2110,0.901137597563,1.19301082135,0.890129496742,0.915626673316,-0.0144890757526,X3
gnnwr_spatial,x_equal_count_stripes,B4,2034,1.15431609281,1.45553531491,0.860206557739,1.16821356203,-0.0138974692174,X4
gnnwr_spatial,y_equal_count_stripes,B1,2024,1.09842496645,1.36206401183,0.8198874057,1.10150833849,-0.00308337204102,Y1
gnnwr_spatial,y_equal_count_stripes,B2,2054,0.972424311603,1.26780922019,0.852442034696,0.986890009877,-0.0144656982736,Y2
gnnwr_spatial,y_equal_count_stripes,B3,2050,0.905180722421,1.19321291598,0.896003704496,0.918396334155,-0.0132156117337,Y3
gnnwr_spatial,y_equal_count_stripes,B4,2010,0.70314976803,0.906603391481,0.858435154963,0.719031039721,-0.0158812716905,Y4
cleanroom_gtnnwr,axis_recursive,B1,2016,0.908636311979,1.20701852926,0.852591629526,0.923114549239,-0.0144782372604,A1
cleanroom_gtnnwr,axis_recursive,B2,1978,0.660970367968,0.833991601723,0.871694056737,0.675442748194,-0.0144723802261,A2
cleanroom_gtnnwr,axis_recursive,B3,2070,1.13772791519,1.43682953975,0.81870661885,1.17108421629,-0.0333563010957,A3
cleanroom_gtnnwr,axis_recursive,B4,2074,0.962152623319,1.28243820821,0.845799860729,1.02253893253,-0.0603863092077,A4
cleanroom_gtnnwr,rotated45_recursive,B1,2032,1.1237104165,1.42330408412,0.819835596784,1.1657662159,-0.0420557993924,R1
cleanroom_gtnnwr,rotated45_recursive,B2,1998,0.911923639597,1.1949682493,0.833228799372,0.942645580063,-0.0307219404654,R2
cleanroom_gtnnwr,rotated45_recursive,B3,2066,1.03611563516,1.33481989886,0.854685621246,1.11397175484,-0.077856119685,R3
cleanroom_gtnnwr,rotated45_recursive,B4,2042,0.66405009031,0.85575246176,0.87521964386,0.690708736394,-0.0266586460843,R4
cleanroom_gtnnwr,x_equal_count_stripes,B1,1920,0.755205693912,0.980797515321,0.889483305688,0.76864658665,-0.013440892738,X1
cleanroom_gtnnwr,x_equal_count_stripes,B2,2074,0.733196485557,0.966787969817,0.912757359114,0.768077904715,-0.0348814191576,X2
cleanroom_gtnnwr,x_equal_count_stripes,B3,2110,0.873961429243,1.1645926128,0.895301512035,0.915626673316,-0.0416652440729,X3
cleanroom_gtnnwr,x_equal_count_stripes,B4,2034,1.10870040756,1.41460660288,0.867957825773,1.16821356203,-0.0595131544704,X4
cleanroom_gtnnwr,y_equal_count_stripes,B1,2024,1.06160125852,1.32620184282,0.829247017021,1.10150833849,-0.039907079969,Y1
cleanroom_gtnnwr,y_equal_count_stripes,B2,2054,0.960577877207,1.25813455551,0.854685474636,0.986890009877,-0.0263121326703,Y2
cleanroom_gtnnwr,y_equal_count_stripes,B3,2050,0.859461399225,1.14269714428,0.904622867356,0.918396334155,-0.0589349349301,Y3
cleanroom_gtnnwr,y_equal_count_stripes,B4,2010,0.684356875654,0.884976192616,0.86510870802,0.719031039721,-0.0346741640662,Y4
spline_gam_ridge,axis_recursive,B1,2016,0.789142767982,1.05047884247,0.888347387174,0.923114549239,-0.133971781257,A1
spline_gam_ridge,axis_recursive,B2,1978,0.634542596245,0.819079279195,0.876241425593,0.675442748194,-0.0409001519493,A2
spline_gam_ridge,axis_recursive,B3,2070,0.981378191207,1.27065599621,0.858215931912,1.17108421629,-0.189706025081,A3
spline_gam_ridge,axis_recursive,B4,2074,1.04358167914,1.36349940677,0.825690211752,1.02253893253,0.0210427466111,A4
spline_gam_ridge,rotated45_recursive,B1,2032,0.952872223384,1.24412435578,0.862342087091,1.1657662159,-0.212893992512,R1
spline_gam_ridge,rotated45_recursive,B2,1998,0.793941316513,1.04227667815,0.87312549423,0.942645580063,-0.148704263549,R2
spline_gam_ridge,rotated45_recursive,B3,2066,1.12630707581,1.44159002623,0.830508945044,1.11397175484,0.0123353209695,R3
spline_gam_ridge,rotated45_recursive,B4,2042,0.631276173943,0.837764393557,0.88041032027,0.690708736394,-0.0594325624512,R4
spline_gam_ridge,x_equal_count_stripes,B1,1920,0.69489452002,0.905442223314,0.90581306635,0.76864658665,-0.0737520666303,X1
spline_gam_ridge,x_equal_count_stripes,B2,2074,0.709817953412,0.951139483283,0.915558731506,0.768077904715,-0.0582599513026,X2
spline_gam_ridge,x_equal_count_stripes,B3,2110,0.784434763843,1.04760477216,0.915279739209,0.915626673316,-0.131191909473,X3
spline_gam_ridge,x_equal_count_stripes,B4,2034,1.08218549825,1.37991377189,0.874355002166,1.16821356203,-0.0860280637795,X4
spline_gam_ridge,y_equal_count_stripes,B1,2024,0.880971395024,1.13243040394,0.875499215736,1.10150833849,-0.220536943464,Y1
spline_gam_ridge,y_equal_count_stripes,B2,2054,0.882468665931,1.16936256107,0.874468355987,0.986890009877,-0.104421343946,Y2
spline_gam_ridge,y_equal_count_stripes,B3,2050,0.836541995094,1.10997769724,0.910006636661,0.918396334155,-0.0818543390611,Y3
spline_gam_ridge,y_equal_count_stripes,B4,2010,0.661056853244,0.872225837398,0.868967618641,0.719031039721,-0.057974186477,Y4
mobility_only_inductive,axis_recursive,B1,2016,0.860376274398,1.15356356495,0.865358998909,0.923114549239,-0.0627382748407,A1
mobility_only_inductive,axis_recursive,B2,1978,0.639775032153,0.811243407267,0.878598017166,0.675442748194,-0.0356677160408,A2
mobility_only_inductive,axis_recursive,B3,2070,1.09179637998,1.38296406212,0.83204488222,1.17108421629,-0.0792878363081,A3
mobility_only_inductive,axis_recursive,B4,2074,0.93578336632,1.25650162886,0.851974007895,1.02253893253,-0.0867555662066,A4
mobility_only_inductive,rotated45_recursive,B1,2032,1.08356160609,1.37913111752,0.830845049812,1.1657662159,-0.0822046098111,R1
mobility_only_inductive,rotated45_recursive,B2,1998,0.881265436388,1.16056795985,0.842692482809,0.942645580063,-0.0613801436742,R2
mobility_only_inductive,rotated45_recursive,B3,2066,1.00459023234,1.29059815119,0.864154479469,1.11397175484,-0.109381522501,R3
mobility_only_inductive,rotated45_recursive,B4,2042,0.646627950543,0.833526683479,0.881617114548,0.690708736394,-0.0440807858514,R4
mobility_only_inductive,x_equal_count_stripes,B1,1920,0.712407324685,0.934225501535,0.899729632121,0.76864658665,-0.0562392619644,X1
mobility_only_inductive,x_equal_count_stripes,B2,2074,0.725833299552,0.960931983994,0.913811042876,0.768077904715,-0.0422446051627,X2
mobility_only_inductive,x_equal_count_stripes,B3,2110,0.840980715194,1.12937781067,0.901537502096,0.915626673316,-0.0746459581222,X3
mobility_only_inductive,x_equal_count_stripes,B4,2034,1.07528211873,1.37566246594,0.87512799612,1.16821356203,-0.0929314433014,X4
mobility_only_inductive,y_equal_count_stripes,B1,2024,1.01309366013,1.27337031748,0.842580514167,1.10150833849,-0.0884146783603,Y1
mobility_only_inductive,y_equal_count_stripes,B2,2054,0.938500947177,1.23612014191,0.85972631294,0.986890009877,-0.0483890626996,Y2
mobility_only_inductive,y_equal_count_stripes,B3,2050,0.854285808431,1.13488989959,0.905921704657,0.918396334155,-0.0641105257243,Y3
mobility_only_inductive,y_equal_count_stripes,B4,2010,0.661687189402,0.85845487516,0.873072512956,0.719031039721,-0.0573438503187,Y4
available_four_inductive,axis_recursive,B1,2016,0.894712311064,1.1884228818,0.857098666577,0.923114549239,-0.0284022381745,A1
available_four_inductive,axis_recursive,B2,1978,0.647351185407,0.820070070892,0.875941837669,0.675442748194,-0.0280915627866,A2
available_four_inductive,axis_recursive,B3,2070,1.12935641187,1.4207004513,0.822753981068,1.17108421629,-0.0417278044183,A3
available_four_inductive,axis_recursive,B4,2074,0.969458134908,1.29147491432,0.843619060363,1.02253893253,-0.0530807976178,A4
available_four_inductive,rotated45_recursive,B1,2032,1.12279339583,1.4177563663,0.821237339907,1.1657662159,-0.0429728200709,R1
available_four_inductive,rotated45_recursive,B2,1998,0.912849509708,1.1959090014,0.83296611103,0.942645580063,-0.0297960703544,R2
available_four_inductive,rotated45_recursive,B3,2066,1.0290740305,1.31782582993,0.858362166132,1.11397175484,-0.0848977243405,R3
available_four_inductive,rotated45_recursive,B4,2042,0.653381043343,0.845283411855,0.878254028625,0.690708736394,-0.0373276930512,R4
available_four_inductive,x_equal_count_stripes,B1,1920,0.72643890487,0.954592170043,0.895310070391,0.76864658665,-0.0422076817795,X1
available_four_inductive,x_equal_count_stripes,B2,2074,0.737245176596,0.974754947546,0.911313559483,0.768077904715,-0.0308327281188,X2
available_four_inductive,x_equal_count_stripes,B3,2110,0.869163130736,1.16126085616,0.895899714185,0.915626673316,-0.0464635425805,X3
available_four_inductive,x_equal_count_stripes,B4,2034,1.10485712797,1.40117177034,0.870453983543,1.16821356203,-0.0633564340526,X4
available_four_inductive,y_equal_count_stripes,B1,2024,1.05466123969,1.31531178392,0.832039767464,1.10150833849,-0.0468470987961,Y1
available_four_inductive,y_equal_count_stripes,B2,2054,0.959563787844,1.25901295763,0.854482492935,0.986890009877,-0.0273262220326,Y2
available_four_inductive,y_equal_count_stripes,B3,2050,0.872097074262,1.15286334832,0.902918239655,0.918396334155,-0.0462992598926,Y3
available_four_inductive,y_equal_count_stripes,B4,2010,0.678898236205,0.883578347372,0.865534500797,0.719031039721,-0.0401328035152,Y4
multiscale_graph_fusion_mobility,axis_recursive,B1,2016,0.772038536096,1.02871194335,0.892926540414,0.923114549239,-0.151076013143,A1
multiscale_graph_fusion_mobility,axis_recursive,B2,1978,0.607852731749,0.782755593688,0.886974671273,0.675442748194,-0.067590016445,A2
multiscale_graph_fusion_mobility,axis_recursive,B3,2070,0.943513672746,1.24779988886,0.863270779526,1.17108421629,-0.227570543542,A3
multiscale_graph_fusion_mobility,axis_recursive,B4,2074,0.941293730745,1.23755202026,0.856405172715,1.02253893253,-0.0812452017811,A4
multiscale_graph_fusion_mobility,rotated45_recursive,B1,2032,0.984684233585,1.28487814871,0.85317585414,1.1657662159,-0.181081982312,R1
multiscale_graph_fusion_mobility,rotated45_recursive,B2,1998,0.795115360046,1.04996501562,0.871246815088,0.942645580063,-0.147530220017,R2
multiscale_graph_fusion_mobility,rotated45_recursive,B3,2066,0.922708762291,1.20113980906,0.882334168862,1.11397175484,-0.191262992551,R3
multiscale_graph_fusion_mobility,rotated45_recursive,B4,2042,0.589758342679,0.783104797594,0.89550640383,0.690708736394,-0.100950393716,R4
multiscale_graph_fusion_mobility,x_equal_count_stripes,B1,1920,0.632970161103,0.829925813577,0.920868806151,0.76864658665,-0.135676425547,X1
multiscale_graph_fusion_mobility,x_equal_count_stripes,B2,2074,0.664173363103,0.888269692786,0.926352837789,0.768077904715,-0.103904541611,X2
multiscale_graph_fusion_mobility,x_equal_count_stripes,B3,2110,0.728817528083,0.985263045642,0.925062925289,0.915626673316,-0.186809145233,X3
multiscale_graph_fusion_mobility,x_equal_count_stripes,B4,2034,1.00696790106,1.32280766072,0.884539161308,1.16821356203,-0.161245660966,X4
multiscale_graph_fusion_mobility,y_equal_count_stripes,B1,2024,0.856734362642,1.10394577127,0.881683714762,1.10150833849,-0.244773975847,Y1
multiscale_graph_fusion_mobility,y_equal_count_stripes,B2,2054,0.884442216631,1.16478635044,0.875448950393,0.986890009877,-0.102447793246,Y2
multiscale_graph_fusion_mobility,y_equal_count_stripes,B3,2050,0.771707727114,1.03366901966,0.921955019197,0.918396334155,-0.146688607041,Y3
multiscale_graph_fusion_mobility,y_equal_count_stripes,B4,2010,0.65441680897,0.863513686985,0.871572156393,0.719031039721,-0.0646142307507,Y4
multiscale_graph_fusion_four,axis_recursive,B1,2016,0.779740204336,1.03885561953,0.890804520976,0.923114549239,-0.143374344903,A1
multiscale_graph_fusion_four,axis_recursive,B2,1978,0.609645395567,0.785778222531,0.886100086066,0.675442748194,-0.0657973526266,A2
multiscale_graph_fusion_four,axis_recursive,B3,2070,0.957529773333,1.26107237021,0.860346612834,1.17108421629,-0.213554442955,A3
multiscale_graph_fusion_four,axis_recursive,B4,2074,0.932654203223,1.22948335582,0.858271504704,1.02253893253,-0.089884729303,A4
multiscale_graph_fusion_four,rotated45_recursive,B1,2032,0.998900266612,1.29907485912,0.849913388614,1.1657662159,-0.166865949285,R1
multiscale_graph_fusion_four,rotated45_recursive,B2,1998,0.806285559552,1.0632587681,0.867965851571,0.942645580063,-0.13636002051,R2
multiscale_graph_fusion_four,rotated45_recursive,B3,2066,0.925726031468,1.20603781094,0.881372577997,1.11397175484,-0.188245723374,R3
multiscale_graph_fusion_four,rotated45_recursive,B4,2042,0.590946133194,0.786276747931,0.89465819102,0.690708736394,-0.0997626032004,R4
multiscale_graph_fusion_four,x_equal_count_stripes,B1,1920,0.634341303839,0.832838011292,0.920312491373,0.76864658665,-0.134305282811,X1
multiscale_graph_fusion_four,x_equal_count_stripes,B2,2074,0.664729719424,0.889976636231,0.926069517692,0.768077904715,-0.103348185291,X2
multiscale_graph_fusion_four,x_equal_count_stripes,B3,2110,0.735715371812,0.993374556897,0.923823956457,0.915626673316,-0.179911301504,X3
multiscale_graph_fusion_four,x_equal_count_stripes,B4,2034,1.01640580688,1.33104017993,0.883097543705,1.16821356203,-0.151807755143,X4
multiscale_graph_fusion_four,y_equal_count_stripes,B1,2024,0.868720708572,1.11606436979,0.879071815628,1.10150833849,-0.232787629917,Y1
multiscale_graph_fusion_four,y_equal_count_stripes,B2,2054,0.892631304507,1.17413989707,0.873440562062,0.986890009877,-0.0942587053699,Y2
multiscale_graph_fusion_four,y_equal_count_stripes,B3,2050,0.773015848659,1.03095882943,0.92236373698,0.918396334155,-0.145380485496,Y3
multiscale_graph_fusion_four,y_equal_count_stripes,B4,2010,0.658311548423,0.870217768729,0.869570258746,0.719031039721,-0.060719491298,Y4
