fold_label,ridge_anchor,gtwr_kernel,gnnwr_spatial,cleanroom_gtnnwr,spline_gam_ridge,mobility_only_inductive,available_four_inductive,multiscale_graph_fusion_mobility,multiscale_graph_fusion_four
A1,-1.1418515227322463,-0.011883229278273715,-1.1039268432603662,-0.8992730477410958,1.180478929156465,-0.15665246127560406,-0.6371189267448076,1.446827725262583,1.3233993766133327
A2,-1.5477358007267876,0.14215760222326462,-1.137639093259291,-0.7202790142585429,-0.03245981018361967,0.32399003837699974,-0.07777443804017312,1.5910136168767994,1.4587268989914175
A3,-1.262307852532031,0.18887297676388018,-1.0145595735538677,-0.8964850615719192,1.1651092732656585,-0.20049502608301623,-0.6852938670661902,1.428871014405941,1.2762881163715558
A4,-1.2358127461096489,1.0637070897162846,-1.0588222233648579,0.10792483766533943,-1.577483506707332,0.6253858418262163,-0.0748500649931391,0.9967658779203536,1.1531848940467841
R1,-1.3527438185963334,-0.08423857959198455,-0.9137314741615438,-0.7503565692270526,1.7112053610232256,-0.11279627547255695,-0.6691812597002925,1.1803864222440896,0.9914561934824615
R2,-1.3752654970993838,0.32308497057303015,-0.795365703808543,-0.8268076103669263,1.4023773384420306,-0.29803446880372636,-0.8414850391689432,1.2974081603711807,1.1140878498612752
R3,-1.144272664985464,1.0648545729857157,-0.9361200923968535,-0.2243858273625502,-1.5430042886485722,0.2920545284509135,-0.023863641437536182,1.2835917378574042,1.2311456755368881
R4,-1.4591417056434435,0.28285694574953657,-1.3077281133546,-0.528601548800443,0.011558006853204683,0.13714115045159786,-0.21283308302073536,1.582508138163719,1.4942402096011402
X1,-1.2547293677669697,0.2595088771783543,-1.1074861098999957,-0.9066080238206147,0.39510464448107413,-0.08983102399427793,-0.44213254337109403,1.5952598479324938,1.5509136992610564
X2,-1.4519529996987117,0.865187978394313,-1.031930235428916,-0.424657556727926,-0.026541856139670594,-0.2749137917415031,-0.629842452262036,1.507457406990326,1.467193506614203
X3,-1.3593077723336395,0.7363379985616814,-1.1114440875768874,-0.7371957418294455,0.7084338720186794,-0.2859579104979222,-0.6939096816812687,1.4163477120134813,1.3266956113253372
X4,-1.2366716984853499,-1.4195598755330219,-0.9843974070420857,-0.19958714161405774,0.44812232746354613,0.5263874045518346,0.05314702180681632,1.4792610526805854,1.333298316171744
Y1,-1.1459771751737966,-0.3159486211770319,-1.1045171042241604,-0.7148026840396552,1.211041048811934,-0.15962406271952073,-0.5985184621540964,1.4685505082743728,1.359796552401931
Y2,-1.4103507693065465,0.11974080352537084,-0.9396370834330979,-0.7121685918079133,1.2936716808369668,-0.201064253736196,-0.7327494598448699,1.393096820976402,1.1894608527898953
Y3,-1.5210783308818614,0.7718101746365672,-1.2253245566265012,-0.3493248691861578,0.19784894630327185,-0.21731888575218627,-0.5225729395072413,1.4122104262943393,1.453750034719758
Y4,-1.7360301568977912,2.0897078128576765,-0.9969134203650318,-0.2975459051634126,0.10685587441983183,0.5370359767920669,-0.2529241521185367,0.3798032954273612,0.17001067504775413
