health_reference_year,median,q25,q75,n,dimension,dimension_name
2014,-0.12195578,-0.15432978,-0.0760623,803,D4,Safety and order
2015,-0.122656226,-0.15533191,-0.07524241,803,D4,Safety and order
2016,-0.123932555,-0.15536322,-0.074691586,803,D4,Safety and order
2017,-0.12465594,-0.1556597,-0.07452646,803,D4,Safety and order
2018,-0.12638357,-0.15659109,-0.07513066,872,D4,Safety and order
2019,-0.12778544,-0.15716183,-0.0759687,872,D4,Safety and order
2020,-0.1289372,-0.15779771,-0.07641792,872,D4,Safety and order
2021,-0.12994736,-0.15825145,-0.076686904,872,D4,Safety and order
2022,-0.04988803,-0.07913735,-0.026117127,870,D4,Safety and order
2023,-0.049580898,-0.07742055,-0.025760975,870,D4,Safety and order
2014,0.112022474,0.05103012,0.13785183,803,D5,Cleanliness and maintenance
2015,0.112482466,0.0508487,0.13783675,803,D5,Cleanliness and maintenance
2016,0.11278783,0.05029745,0.13958599,803,D5,Cleanliness and maintenance
2017,0.11322564,0.049944393,0.14023015,803,D5,Cleanliness and maintenance
2018,0.11427511,0.049930587,0.15046073,872,D5,Cleanliness and maintenance
2019,0.114851356,0.049640596,0.14981723,872,D5,Cleanliness and maintenance
2020,0.11510083,0.04925815,0.15021878,872,D5,Cleanliness and maintenance
2021,0.11574057,0.049040124,0.15072677,872,D5,Cleanliness and maintenance
2022,-0.058854923,-0.07128586,-0.03968204,870,D5,Cleanliness and maintenance
2023,-0.05824626,-0.07037428,-0.03950608,870,D5,Cleanliness and maintenance
2014,0.03695944,-0.06117802,0.059744578,803,D9,Noise
2015,0.036527142,-0.06123543,0.0594336,803,D9,Noise
2016,0.036219914,-0.061110087,0.059094228,803,D9,Noise
2017,0.03580571,-0.060647294,0.05828069,803,D9,Noise
2018,0.033833347,-0.06121319,0.05746426,872,D9,Noise
2019,0.03376331,-0.0611955,0.056779325,872,D9,Noise
2020,0.034056716,-0.060891688,0.056700062,872,D9,Noise
2021,0.03417106,-0.060939603,0.05629189,872,D9,Noise
2022,0.01625985,-0.004771795,0.06463477,870,D9,Noise
2023,0.016883245,-0.0029881531,0.06522278,870,D9,Noise
2014,-0.023752693,-0.029856447,0.004721271,803,D10,Traffic pressure
2015,-0.023729637,-0.029608311,0.0045244214,803,D10,Traffic pressure
2016,-0.023368826,-0.029576816,0.0046000713,803,D10,Traffic pressure
2017,-0.023027627,-0.029425353,0.0045023714,803,D10,Traffic pressure
2018,-0.02216019,-0.029007418,0.005922218,872,D10,Traffic pressure
2019,-0.022190798,-0.02887338,0.0058127004,872,D10,Traffic pressure
2020,-0.021703813,-0.029208615,0.0059400112,872,D10,Traffic pressure
2021,-0.021348298,-0.029385317,0.0061501367,872,D10,Traffic pressure
2022,0.008018552,-0.011557431,0.030283235,870,D10,Traffic pressure
2023,0.010384252,-0.012371011,0.0304538,870,D10,Traffic pressure
